country,region_id,authority_id,auth_name_e,old_park_id,new_park_id
England,E12000008,E07000178,Oxford,OXFOR_1d5fb4dbe6dc,64fafb32cf05
England,E12000008,E07000178,Oxford,OXFOR_0cfc827ca20f;OXFOR_fab487782a5e,b8f42959257c
England,E12000008,E07000178,Oxford,OXFOR_99ed3bf2ad81;OXFOR_da179db9f3f0,8306973d308e
England,E12000008,E07000178,Oxford,OXFOR_6901b5f55738;OXFOR_c226a355e121,5c4003a28f93
England,E12000008,E07000178,Oxford,OXFOR_24569bf97fed,4b787b3a701a
England,E12000008,E07000178,Oxford,OXFOR_cd3f5fe4eb65;OXFOR_9784e9483133,300507931c1a
England,E12000008,E07000178,Oxford,OXFOR_27fb123b1466,03ad8bdb9abd
England,E12000008,E07000178,Oxford,OXFOR_ddee10d430da;OXFOR_ede54db4a4ef,7f7ab14e4ff1
England,E12000008,E07000178,Oxford,OXFOR_230e1e21b61c,bbf46954787e
England,E12000008,E07000178,Oxford,OXFOR_7a355d751677;OXFOR_c935a2e7cefb,dcd23ca1b882
England,E12000008,E07000178,Oxford,OXFOR_94c874930471,0181bcfe314a
England,E12000008,E07000178,Oxford,OXFOR_be7b82d753bb,dcb4b3ba178d
England,E12000008,E07000178,Oxford,OXFOR_fc4f690a33f7,093b8874abe3
England,E12000008,E07000178,Oxford,OXFOR_94e9171fb45c;OXFOR_3ffc329b2114,7b479ec9ff4c
England,E12000008,E07000178,Oxford,OXFOR_a65b7ec21a54;OXFOR_b132041d5163,809bfda55ec7
England,E12000008,E07000178,Oxford,OXFOR_20d5f133bd87,f71ec9f4ad78
England,E12000008,E07000178,Oxford,OXFOR_804ddc33e68e;OXFOR_a081bd6280ea,9eba643d8737
England,E12000008,E07000178,Oxford,OXFOR_515a118b5a44;OXFOR_34cab2c9c682,24ab1d7873e8
England,E12000008,E07000178,Oxford,OXFOR_9c5c2f23332c;OXFOR_cd794365fd12,ddf86ed5bb4d
England,E12000008,E07000178,Oxford,OXFOR_91272d196fa6;OXFOR_0a7de0dc3fbe,8082e2298367
England,E12000008,E07000178,Oxford,OXFOR_b80e81cdaef4;OXFOR_0c2857c1e3c3;OXFOR_7d50f01d440a;OXFOR_c047be43a006;OXFOR_240dbe173235;OXFOR_440ae2a91513,d657ce59909e
England,E12000008,E07000178,Oxford,OXFOR_84505d5d4e03;OXFOR_722094fa2492,4a875ef34dad
England,E12000008,E07000178,Oxford,OXFOR_8e4228713465,9dd35b0ecce9
England,E12000008,E07000178,Oxford,OXFOR_cdf2688cee04;OXFOR_6bbfc5323270;OXFOR_5e4c75868040;OXFOR_092ad0f33bfb;OXFOR_7d2e3012543e;OXFOR_f5367b7fe8f8;OXFOR_24a4ace6e3c6;OXFOR_c1145d1ead65,70e1a6133a69
England,E12000008,E07000178,Oxford,OXFOR_8d65053c7950;OXFOR_0727152dbba0,3ce31d74aac4
England,E12000008,E07000178,Oxford,OXFOR_6f75f23e9511,2baf2b6b4872
England,E12000008,E07000178,Oxford,OXFOR_2d7c83285188;OXFOR_73ae9a2c5072,016e03329d78
England,E12000008,E07000178,Oxford,OXFOR_b6d5684ecd64,a6be9abfecf3
England,E12000008,E07000178,Oxford,OXFOR_c39a7b93710f;OXFOR_c03fa8f4cc00,99905ecae002
England,E12000008,E07000178,Oxford,OXFOR_dba576d61616;OXFOR_51311e5410c0,73ff7bcba160
England,E12000008,E07000178,Oxford,OXFOR_556d4a6b6bf1;OXFOR_9263c855bb8b;OXFOR_7e1f866b817d,9ff0848d3278
England,E12000008,E07000178,Oxford,OXFOR_3aa2fbd32138;OXFOR_a636f7eea82a;OXFOR_28ca3e165676;OXFOR_158cfb9c2a29;OXFOR_edbc4bcb4353;OXFOR_bbd6ac0a5783;OXFOR_06b3b46ae59e,df411f25c2d0
England,E12000008,E07000178,Oxford,OXFOR_e410bcd2c960;OXFOR_7368fa076099,de9fdc48bd39
England,E12000008,E07000178,Oxford,OXFOR_edeae4b27cab;OXFOR_1dc7cfb04bf7,f0b86003805d
England,E12000008,E07000178,Oxford,OXFOR_2d7e8c9767c2;OXFOR_7f4e2d55e89e;OXFOR_48df0ad77892,2965b19d0dab
England,E12000008,E07000178,Oxford,OXFOR_2fcc935c5b24;OXFOR_ebdb3ec152ea,0a597347943a
England,E12000008,E07000178,Oxford,OXFOR_10ff0ae6c523,5018376c57f0
England,E12000008,E07000178,Oxford,OXFOR_7d919502065c;OXFOR_b1199d2574e2,d52c3afa3838
England,E12000008,E07000178,Oxford,OXFOR_162c795f7c18;OXFOR_8e4b24f842c6,1a63ab5c5124
England,E12000008,E07000178,Oxford,OXFOR_9f7c0c7b00bb;OXFOR_5ae598de82c0,a166f29033b4
England,E12000008,E07000178,Oxford,OXFOR_df8fc2339cd8,bff0a8cdd9d0
England,E12000008,E07000178,Oxford,OXFOR_13d98612ec42,0f1e30ef85be
England,E12000008,E07000178,Oxford,OXFOR_5960b8d9783e,65e6f0cd50e9
England,E12000008,E07000178,Oxford,OXFOR_d57a7b732bdb,92b3f4faab02
England,E12000008,E07000178,Oxford,OXFOR_2d4ee357096d,68e65aaacd9d
England,E12000008,E07000178,Oxford,OXFOR_9c28b5d566d6,e5d24814bb26
England,E12000008,E07000178,Oxford,OXFOR_9abe8b8a3730,95e5c59c87aa
England,E12000008,E07000178,Oxford,OXFOR_01e6cdfa126a,21901eea5fac
England,E12000008,E07000178,Oxford,OXFOR_031226e669cf,b91311f273c7
England,E12000008,E07000178,Oxford,OXFOR_a373836f7998,e124bc4aa03a
England,E12000008,E07000178,Oxford,OXFOR_de6b0e5f45ea;OXFOR_2bc4c6411154,7a3daf631d76
England,E12000008,E07000178,Oxford,OXFOR_fe58e98387ca,2f1d9566dd3a
England,E12000008,E07000178,Oxford,OXFOR_be54e4d656dc;OXFOR_bf0a20c073b4,c397826bdfd2
England,E12000008,E07000178,Oxford,OXFOR_a25918760532,9cff22914bb0
England,E12000008,E07000178,Oxford,OXFOR_06f992f64dcc,47889a2d560c
England,E12000008,E07000178,Oxford,OXFOR_0d17020e4f80,fc65cb13460d
England,E12000008,E07000178,Oxford,OXFOR_2c52aaf7538c,863cd6180136
England,E12000008,E07000178,Oxford,OXFOR_c3b208d16c65,0ef0339f8770
England,E12000008,E07000178,Oxford,OXFOR_ebcdbc2fbff2,0d3ee39eadf0
England,E12000008,E07000178,Oxford,OXFOR_8c067fec0887,f5e4ddab5735
England,E12000008,E07000178,Oxford,OXFOR_e37ef0f75b2a,f8b289b27170
England,E12000008,E07000178,Oxford,OXFOR_ee1d67b8dbf7,87fa38bcba47
England,E12000008,E07000178,Oxford,OXFOR_bdf2cba4648f,9408a48a824d
England,E12000008,E07000178,Oxford,OXFOR_0af7271dfdc9,7567fd7efa54
England,E12000008,E07000178,Oxford,OXFOR_d1111b4f0531,39ee8c08bce1
England,E12000008,E07000178,Oxford,OXFOR_735b3cfc6c4b,af85c864127e
England,E12000008,E07000178,Oxford,OXFOR_77e0ab77c18a,de566e89834c
England,E12000008,E07000178,Oxford,OXFOR_db382c85f4f9;OXFOR_2b0bab5cd9fa,41f463afd2d7
England,E12000008,E07000178,Oxford,OXFOR_01b96df43ca3,3fc7d5d98e80
England,E12000008,E07000178,Oxford,OXFOR_ed73472a25d5,0c32acf9faf7
England,E12000008,E07000178,Oxford,OXFOR_99f7c2261187,c5913d73b032
England,E12000008,E07000178,Oxford,OXFOR_9cc730b315c5,1b0632eb3e3c
England,E12000008,E07000178,Oxford,OXFOR_6965dd90eb11,c075d622561b
England,E12000008,E07000178,Oxford,OXFOR_3256fc8e451f,52b3ddd6c5cd
England,E12000008,E07000178,Oxford,OXFOR_5088e044561a,e4189b6c37f5
England,E12000008,E07000178,Oxford,OXFOR_66a2bde23e82,3f0c1902fee2
England,E12000008,E07000178,Oxford,OXFOR_36276939693d,be0fa1570a13
England,E12000008,E07000178,Oxford,OXFOR_d219af790513,d097ac6e5ae3
England,E12000008,E07000178,Oxford,OXFOR_8224d95d595a,5e9804c1034c
England,E12000008,E07000178,Oxford,OXFOR_f6027c1d7d96,1479e97b8b86
England,E12000008,E07000178,Oxford,OXFOR_6f7e84c3feea,4b82a8b4ca01
England,E12000008,E07000178,Oxford,OXFOR_dd282092e869,09b8a399f143
England,E12000008,E07000178,Oxford,OXFOR_0bf04280d45b,93f9bb90f86a
England,E12000008,E07000178,Oxford,OXFOR_0a6e3dedb9ab,73f907af91cd
England,E12000008,E07000178,Oxford,OXFOR_f14d0314285a,cb7d54391ecc
England,E12000008,E07000178,Oxford,OXFOR_6e1f4213f737,2b7a3f2f2651
England,E12000008,E07000178,Oxford,OXFOR_2270e9015f52,1e045992bd45
England,E12000008,E07000178,Oxford,OXFOR_6fdbd366a5c6,9f76790d379d
England,E12000008,E07000178,Oxford,OXFOR_700c0c14d2b5,963b674c9108
England,E12000008,E07000178,Oxford,OXFOR_b3c4ac86f878,df47bf8610bc
England,E12000008,E07000178,Oxford,OXFOR_806ccca8d5b4,f0b77066065d
England,E12000008,E07000178,Oxford,OXFOR_a58c85a1b227,9a5db2b68b1a
England,E12000008,E07000178,Oxford,OXFOR_92492bec7131,e03f131c1465
England,E12000008,E07000178,Oxford,OXFOR_7afc16ee0d93,8f7ce239b8ae
England,E12000008,E07000178,Oxford,OXFOR_4835426fa5cf,d3184a719b6b
England,E12000008,E07000178,Oxford,OXFOR_80460434154c,f7a58b639ae2
England,E12000008,E07000178,Oxford,OXFOR_ca6063782633,2492061e70fd
England,E12000008,E07000178,Oxford,OXFOR_c596b0256efc,dcb6d16b1ce8
England,E12000008,E07000178,Oxford,OXFOR_d3ef1b701b3e,6c82193425ac
England,E12000008,E07000178,Oxford,OXFOR_e0b89c5e1b13,f2e0f4b24e05
England,E12000008,E07000178,Oxford,OXFOR_008530353497,18a5e7b704ad
England,E12000008,E07000178,Oxford,OXFOR_e7b2ad1306c0,a91a05b9d264
England,E12000008,E07000178,Oxford,OXFOR_696c45cabc88,e8e5d5a302af
England,E12000008,E07000178,Oxford,OXFOR_9ff05f37013c,140de46b2a03
England,E12000008,E07000178,Oxford,OXFOR_52d6b605ba47,8af42640de4f
England,E12000008,E07000178,Oxford,OXFOR_057c12a3fc53,ac77b820d663
England,E12000008,E07000178,Oxford,OXFOR_62866c83ec69,4ed5137b25d9
England,E12000008,E07000178,Oxford,OXFOR_8b9f1387ac5b,5b424c737bf3
England,E12000008,E07000178,Oxford,OXFOR_1d2f551275d3,f41d15b054dc
England,E12000008,E07000178,Oxford,OXFOR_31b298b9fc66,7d0342b0e1fa
England,E12000008,E07000178,Oxford,OXFOR_d066f3e21514,781a16682ad0
England,E12000008,E07000178,Oxford,OXFOR_cff1e859b332,20f8b5a5e77d
England,E12000008,E07000178,Oxford,OXFOR_3532e3421f75,1eb72f6f5464
England,E12000008,E07000178,Oxford,OXFOR_72b9ae75b563,06647b64a705
England,E12000008,E07000178,Oxford,OXFOR_c92a789de137,841fff8a920c
England,E12000008,E07000178,Oxford,OXFOR_5d25744bd83e,d3a80af7e505
England,E12000008,E07000178,Oxford,OXFOR_ba6e574c0291,9f699a869467
England,E12000008,E07000178,Oxford,OXFOR_d3435734ee77,0a5e6b82c84f
England,E12000008,E07000178,Oxford,OXFOR_b0e9babb75c8;OXFOR_6d3edb273c7b,56d16161a54b
England,E12000008,E07000178,Oxford,OXFOR_464902f8ad91,b96cf1fc2c48
England,E12000008,E07000178,Oxford,OXFOR_82ee1d9f0016,7fd40ca26029
England,E12000008,E07000178,Oxford,OXFOR_70279596da0e,ae7b78c333f7
England,E12000008,E07000178,Oxford,OXFOR_fea5f170e25c,1c2de8c5b746
England,E12000008,E07000178,Oxford,OXFOR_f1364b41252f,129b98097294
England,E12000008,E07000178,Oxford,OXFOR_23cea8b4cb5d,9d8a74aeb67d
England,E12000008,E07000178,Oxford,OXFOR_e7ec0a63322c,9f0c20787f96
England,E12000008,E07000178,Oxford,OXFOR_be0a2a118b85,ee83f55ea077
England,E12000008,E07000178,Oxford,OXFOR_b2c3cf77b18c,975eb6dc4bda
England,E12000008,E07000178,Oxford,OXFOR_a17cc0a30715,8fc33598d4dd
England,E12000008,E07000178,Oxford,OXFOR_ec053c3b084a,6cd2e06f321a
England,E12000008,E07000178,Oxford,OXFOR_438863e1cd5a,32be95b7effd
England,E12000008,E07000178,Oxford,OXFOR_95f05a8ee3cf,a8f9ec4f979b
England,E12000008,E07000178,Oxford,OXFOR_7badeac73d97,5bfeeff1fe50
England,E12000008,E07000178,Oxford,OXFOR_a07039682807,c1c82285cf13
England,E12000008,E07000178,Oxford,OXFOR_0f3b11a31d49,7214a34e9f16
England,E12000008,E07000178,Oxford,OXFOR_2d1435acfb5a,cf4c8ad446ae
England,E12000008,E07000178,Oxford,OXFOR_1fd04ddf30ea,9995691a1c1e
England,E12000008,E07000178,Oxford,OXFOR_b1aa7c4f3b25,570f79c98a7a
England,E12000008,E07000178,Oxford,OXFOR_743ed5021b58,c7684e507537
England,E12000008,E07000178,Oxford,OXFOR_7a042fe336ae,686c6b171c9c
England,E12000008,E07000178,Oxford,OXFOR_0d355e804d64,b16d6fe16398
England,E12000008,E07000178,Oxford,OXFOR_12c80449717d,17fcfab0831f
England,E12000008,E07000178,Oxford,OXFOR_0bc663492cce,df642dba5362
England,E12000008,E07000178,Oxford,OXFOR_8d12c0f77084,02ca0fbf33ad
England,E12000008,E07000178,Oxford,OXFOR_35de801d3ee3,712f138472f6
England,E12000008,E07000178,Oxford,OXFOR_39b45cb3c88c,702a5c16928d
England,E12000008,E07000178,Oxford,OXFOR_f7ab7a2a27ea,db90276d7aea
England,E12000008,E07000178,Oxford,OXFOR_45e197d24866,3b489d17b7ee
England,E12000008,E07000178,Oxford,OXFOR_a1a91ec1d694,ef4ffb2efdf3
England,E12000008,E07000178,Oxford,OXFOR_008d10666c59,2bc9d976959b
England,E12000008,E07000178,Oxford,OXFOR_b4fb7709a63d,e14b082540f3
England,E12000008,E07000178,Oxford,OXFOR_dff827c8f1ae,5b6434d2124c
England,E12000008,E07000178,Oxford,OXFOR_9ce633a07a9b,0d72e49560c1
England,E12000008,E07000178,Oxford,OXFOR_1b51160353b3,4d5656705afd
England,E12000008,E07000178,Oxford,OXFOR_79e3ff987f80,077b09a8744f
England,E12000008,E07000178,Oxford,OXFOR_105de6a340d7,edac7de7b328
England,E12000008,E07000178,Oxford,OXFOR_56f66f95f17f,6de787ac2ee0
England,E12000008,E07000178,Oxford,OXFOR_fc02645dee50,73b4bc0c7141
England,E12000008,E07000178,Oxford,OXFOR_7f9961544457,7cf6a5e4334c
England,E12000008,E07000178,Oxford,OXFOR_02558e36ee33,a918968a3694
England,E12000008,E07000178,Oxford,OXFOR_b8c8c82996a6,4f90b4536633
England,E12000008,E07000178,Oxford,OXFOR_f0fc1f1a98e6,4f77acc6d49e
England,E12000008,E07000178,Oxford,OXFOR_cae841c731a5,f927844803cf
England,E12000008,E07000178,Oxford,OXFOR_88842290465a,ec592771c1de
England,E12000008,E07000178,Oxford,OXFOR_15cf4da0ab2d,e242992edac6
England,E12000008,E07000178,Oxford,OXFOR_0f53d1ecbef0,63abef129635
England,E12000008,E07000178,Oxford,OXFOR_3c317c3ed362,84c51229b9a9
England,E12000008,E07000178,Oxford,OXFOR_ab6c1cb3abc4,defc44546f51
England,E12000008,E07000178,Oxford,OXFOR_c6d76a0d8e21,42320692336d
England,E12000008,E07000178,Oxford,OXFOR_fee6ed5125f1,660759f811a7
England,E12000008,E07000178,Oxford,OXFOR_91403f1d7548,76d7e5a1435d
England,E12000008,E07000178,Oxford,OXFOR_3db943c02b65,30e038b82a96
England,E12000008,E07000178,Oxford,OXFOR_a098166421b2,6f93dd14287c
England,E12000008,E07000178,Oxford,OXFOR_35996de52423,5b2d9703973a
England,E12000008,E07000178,Oxford,OXFOR_94fac4e8260c,c3faf96693b1
England,E12000008,E07000178,Oxford,OXFOR_dd61a23d22e6,161a5e626086
England,E12000008,E07000178,Oxford,OXFOR_bd281f1630b5;OXFOR_22613adf427f;OXFOR_28b8b6ab0170;OXFOR_2f62f437a0fa,70aca560f7ab
England,E12000008,E07000178,Oxford,OXFOR_0371564e01f4,b67c1cd2190f
England,E12000008,E07000178,Oxford,OXFOR_d2768f4ee285,8a6b8b1bc07e
England,E12000008,E07000178,Oxford,OXFOR_3799afc2be07,8b5036582241
England,E12000008,E07000178,Oxford,OXFOR_440ef49929ed,dbaab1e57abf
England,E12000008,E07000178,Oxford,OXFOR_46642d09a4fd,b593e8fd60b8
England,E12000008,E07000178,Oxford,OXFOR_c6ec6eb0fe45,5f4c391f30a2
England,E12000008,E07000178,Oxford,OXFOR_a9b995e9b7d8,c6e763cba6c8
England,E12000008,E07000178,Oxford,OXFOR_b283f796eaa4,f6eca2415268
England,E12000008,E07000178,Oxford,OXFOR_aa0e1b30f917,27462245024a
England,E12000008,E07000178,Oxford,OXFOR_8e803436abb3,d032eb2f48cd
England,E12000008,E07000178,Oxford,OXFOR_4d50ffd09d22,8d8e14a91192
England,E12000008,E07000178,Oxford,OXFOR_b182053aab4b,9699766d73a2
England,E12000008,E07000178,Oxford,OXFOR_00dabcdd983b,a23a8f76b138
England,E12000008,E07000178,Oxford,OXFOR_2d7fb044bf39,cca0b2f6b697
England,E12000008,E07000178,Oxford,OXFOR_e1850ac7f1c2,e76939633284
England,E12000008,E07000178,Oxford,OXFOR_2d7808496390,64131cda3e63
England,E12000008,E07000178,Oxford,OXFOR_8fd085ffb4af,ff5873c706ee
England,E12000008,E07000178,Oxford,OXFOR_6301a2a31f32,b86b74200e1c
England,E12000008,E07000178,Oxford,OXFOR_bb24e40f095e,6f6a104d7b12
England,E12000008,E07000178,Oxford,OXFOR_bf9d005a4c2d,47dd8ffa3672
England,E12000008,E07000178,Oxford,OXFOR_0f167adc229b,6b4542f40fb5
England,E12000008,E07000178,Oxford,OXFOR_f23891573418,65c78eec09b5
England,E12000008,E07000178,Oxford,OXFOR_cb6abfc0393e,b65860b7d34a
England,E12000008,E07000178,Oxford,OXFOR_40ca39e4c7f1,9378bc793c6c
England,E12000008,E07000178,Oxford,OXFOR_89b77dd592e6,95ecc4fbfe5c
England,E12000008,E07000178,Oxford,OXFOR_55ccc8782e46,e917ed5b5f18
England,E12000008,E07000178,Oxford,OXFOR_15138a6b446d,6fd6823bcfc1
England,E12000008,E07000178,Oxford,OXFOR_f62996545e0a,581fbe79848a
England,E12000008,E07000178,Oxford,OXFOR_aae4cbda2749,a0c334f7144f
England,E12000008,E07000178,Oxford,OXFOR_8611b44e6b20,6e4245ba9d47
England,E12000008,E07000178,Oxford,OXFOR_22dd01553114,3a09852d3f63
England,E12000008,E07000178,Oxford,OXFOR_3d21dfab0531,e1a012bc8acb
England,E12000008,E07000178,Oxford,OXFOR_f329f813eaa2,06f84b34895e
England,E12000008,E07000178,Oxford,OXFOR_fd9a3da2c2bd,89a09cb2e7b5
England,E12000008,E07000178,Oxford,OXFOR_69cb993921fc,24e9a9f816cd
England,E12000008,E07000178,Oxford,OXFOR_0a883d7f160d,2e846e2ef009
England,E12000008,E07000178,Oxford,OXFOR_79426697cf4a,89052d8b7bf9
England,E12000008,E07000178,Oxford,OXFOR_3df3e4da2a82,88cf8bf9c755
England,E12000008,E07000178,Oxford,OXFOR_de05c1e9e23a,9839d1d0e52f
England,E12000008,E07000178,Oxford,OXFOR_b7d441384da5,f022fa0ded6a
England,E12000008,E07000178,Oxford,OXFOR_21c56c633adb,387e2cf48bfa
England,E12000008,E07000178,Oxford,OXFOR_473a08568f99,07831e328883
England,E12000008,E07000178,Oxford,OXFOR_b1feecb57523,09cbc10b3288
England,E12000008,E07000178,Oxford,OXFOR_e14738cde91f,9c2865b1c92b
England,E12000008,E07000178,Oxford,OXFOR_8350e87c0df4,3efb9ab1bb78
England,E12000008,E07000178,Oxford,OXFOR_06df15779f7f,267c9ade995f
England,E12000008,E07000178,Oxford,OXFOR_3c2885de3b30,d69ebcd43ab3
England,E12000008,E07000178,Oxford,OXFOR_5d6fc3f8c396,61f3e7cd80a3
England,E12000008,E07000178,Oxford,OXFOR_8d9dc878210d,b0459fc47d53
England,E12000008,E07000178,Oxford,OXFOR_04b32c933d8b,1538ea958d51
England,E12000008,E07000178,Oxford,OXFOR_8cc4d67c4433,0a16ab2b0051
England,E12000008,E07000178,Oxford,OXFOR_f23ce627fb9b,7fd4f5163115
England,E12000008,E07000178,Oxford,OXFOR_668861c45cb4,ab02f5f2ecc3
England,E12000008,E07000178,Oxford,OXFOR_c96eccc2b0bc,5e7f7fe29b4f
England,E12000008,E07000178,Oxford,OXFOR_e1ace2d60636,110c9121531b
England,E12000008,E07000178,Oxford,OXFOR_dd464f39b0db,0e1f505e27d3
England,E12000008,E07000178,Oxford,OXFOR_a076b0971d9c,ee6017d7c7d2
England,E12000008,E07000178,Oxford,OXFOR_e47a82e9406b,113af064c353
England,E12000008,E07000178,Oxford,OXFOR_b224d04d9097,5b737966ba0c
England,E12000008,E07000178,Oxford,OXFOR_c6b45d735a4b,9de8b9ce9132
England,E12000008,E07000178,Oxford,OXFOR_408a78258c8c,8a3bb5a84929
England,E12000008,E07000178,Oxford,OXFOR_19aa9c1726c1,da191e7a19ae
England,E12000008,E07000178,Oxford,OXFOR_145de36a6142,5ec9ce5bad84
England,E12000008,E07000178,Oxford,OXFOR_fc4ee6a2b2a7,f0d8dc274429
England,E12000008,E07000178,Oxford,OXFOR_4dfa1f6461d3,491800227a8a
England,E12000008,E07000178,Oxford,OXFOR_a15ac116846b,377ba17848ea
England,E12000008,E07000178,Oxford,OXFOR_77fdd388c7f4,1a28dc3b4f61
England,E12000008,E07000178,Oxford,OXFOR_9fdac988f33e,502f56a345fb
England,E12000008,E07000178,Oxford,OXFOR_773916ad0a58,0dd26920a02d
England,E12000008,E07000178,Oxford,OXFOR_456363f9f8a1,7f9fbaefb941
England,E12000008,E07000178,Oxford,OXFOR_4b6e7062a112,6297cfbc5ca1
England,E12000008,E07000178,Oxford,OXFOR_5e92b4c20758,a77eb179b003
England,E12000008,E07000178,Oxford,OXFOR_6bc97b08f7b1,61815c54510e
England,E12000008,E07000178,Oxford,OXFOR_504508ee6162,89c39f84b3ca
England,E12000008,E07000178,Oxford,OXFOR_5446a808257f,0d3258674bf3
England,E12000008,E07000178,Oxford,OXFOR_8ecc80729615,55eac5ab15c4
England,E12000008,E07000178,Oxford,OXFOR_6034df20e9fd,cda39a8feab2
England,E12000008,E07000178,Oxford,OXFOR_3330e5dc11bd,f4598db6aada
England,E12000008,E07000178,Oxford,OXFOR_5a860a1b167e,2a097569be74
England,E12000008,E07000178,Oxford,OXFOR_70c21204deb8,09c7b8298469
England,E12000008,E07000178,Oxford,OXFOR_69af627e16f8,ac48b04cafd1
England,E12000008,E07000178,Oxford,OXFOR_686763620067,aa215256e85e
England,E12000008,E07000178,Oxford,OXFOR_1120f710b7cc,6ad91fd4ad9a
England,E12000008,E07000178,Oxford,OXFOR_64b9437c3282,539d9f95991b
England,E12000008,E07000178,Oxford,OXFOR_d49ffbd0a5a0,830f23ab54d4
England,E12000008,E07000178,Oxford,OXFOR_113cbf6935cb,41c9255699be
England,E12000008,E07000178,Oxford,OXFOR_6e9bec61049c,7fd3dc67f05b
England,E12000008,E07000178,Oxford,OXFOR_80cd85604898,5806569038f1
England,E12000008,E07000178,Oxford,OXFOR_27a18ac5ce40,1001abd8fecd
England,E12000008,E07000178,Oxford,OXFOR_215505f5fcf3,c663ecbe35d2
England,E12000008,E07000178,Oxford,OXFOR_404ef0dffded,e288112257a4
England,E12000008,E07000178,Oxford,OXFOR_2191d3c15156,4ab5cc1a1c3a
England,E12000008,E07000178,Oxford,OXFOR_8633f1a48926,a79724c92b6e
England,E12000008,E07000178,Oxford,OXFOR_52860c3198ca,ab6be6bae364
England,E12000008,E07000178,Oxford,OXFOR_2aa3256cb364,343f0361a7c4
England,E12000008,E07000178,Oxford,OXFOR_df96205626c5,88d06389aad6
England,E12000008,E07000178,Oxford,OXFOR_98b57f1c8ecf,129819dd0d51
England,E12000008,E07000178,Oxford,OXFOR_b143d5db3302,fd4290fe608c
England,E12000008,E07000178,Oxford,OXFOR_82d7d7f3cae7,70897371b035
England,E12000008,E07000178,Oxford,OXFOR_058b11442fae,46b13e7df3fb
England,E12000008,E07000178,Oxford,OXFOR_0eb198140f0f,8db258fbed3c
England,E12000008,E07000178,Oxford,OXFOR_c73d6b70e41e,9355a51a6b56
England,E12000008,E07000178,Oxford,OXFOR_8fd30a0dcd6f,256c989ddfd7
England,E12000008,E07000178,Oxford,OXFOR_b8deebf28144,1889701d3e0d
England,E12000008,E07000178,Oxford,OXFOR_50be179b02f6,6188a668c703
England,E12000008,E07000178,Oxford,OXFOR_6fa692974c14,66cf34b55dee
England,E12000008,E07000178,Oxford,OXFOR_8e76eccac653,03ab23dc4dda
England,E12000008,E07000178,Oxford,OXFOR_7785721f7675,6e561a31a55e
England,E12000008,E07000178,Oxford,OXFOR_c242af4f7d97,c12f7c22fd5c
England,E12000008,E07000178,Oxford,OXFOR_24d050846061,25903a771a42
England,E12000008,E07000178,Oxford,OXFOR_bd8e9817f655,770903fd8434
England,E12000008,E07000178,Oxford,OXFOR_2546c7bd3a6c,452c8618ef93
England,E12000008,E07000178,Oxford,OXFOR_323cbe692633,fb04bb18927e
England,E12000008,E07000178,Oxford,OXFOR_17eb150671b0,046388af9611
England,E12000008,E07000178,Oxford,OXFOR_813706536d69,c56315bf5624
England,E12000008,E07000178,Oxford,OXFOR_80e2adb12e5d,d1d05ba01f8b
England,E12000008,E07000178,Oxford,OXFOR_05c253717955,ceca2bb8d998
England,E12000008,E07000178,Oxford,OXFOR_3f10bd4b8161,e792786fb0f9
England,E12000008,E07000178,Oxford,OXFOR_56268e38f188,12b46191bcdc
England,E12000008,E07000178,Oxford,OXFOR_d051de45e61c,52edad14aac8
England,E12000008,E07000178,Oxford,OXFOR_7aa30eb19dbe,3d56ec4d7200
England,E12000008,E07000178,Oxford,OXFOR_dcc0c3617090,de2504b62f49
England,E12000008,E07000178,Oxford,OXFOR_e8c9ccc0f0c3,5e36eb6de473
England,E12000008,E07000178,Oxford,OXFOR_3d10493afe06,9f812017c9eb
England,E12000008,E07000178,Oxford,OXFOR_38f1ea8d1894,48efd0cf1982
England,E12000008,E07000178,Oxford,OXFOR_192eec0223ff,566c1739f025
England,E12000008,E07000178,Oxford,OXFOR_a2266801360e,f6c97dd61183
England,E12000008,E07000178,Oxford,OXFOR_247297ed70ba,d2182fa5d46e
England,E12000008,E07000178,Oxford,OXFOR_39e4a6e60e49,46e0926497d7
England,E12000008,E07000178,Oxford,OXFOR_7ca7da14051a,c23a27304796
England,E12000008,E07000178,Oxford,OXFOR_cf4dae7eb0f7,ae9cac242692
England,E12000008,E07000178,Oxford,OXFOR_1bab59b70a58,5a82678605b2
England,E12000008,E07000178,Oxford,OXFOR_244c038e2b3a,e7ad3b9b3294
England,E12000008,E07000178,Oxford,OXFOR_8b323235a5ed,dba6992e9779
England,E12000008,E07000178,Oxford,OXFOR_28b03024c9da,0ecc2a9edf59
England,E12000008,E07000178,Oxford,OXFOR_03d1faf45f93,add36d3908ac
England,E12000008,E07000178,Oxford,OXFOR_6df275b7b62f,e68ae56362bf
England,E12000008,E07000178,Oxford,OXFOR_ffa804a82899,33ba51de17bf
England,E12000008,E07000178,Oxford,OXFOR_3ffc659ef6e0,f4334edcf7ad
England,E12000008,E07000178,Oxford,OXFOR_c3bc3bf7c1b5,e545a2d783ba
England,E12000008,E07000178,Oxford,OXFOR_a09b0d08e798,9bb4bef6f4f7
England,E12000008,E07000178,Oxford,OXFOR_45ca636ec318,f0f62d0ffcef
England,E12000008,E07000178,Oxford,OXFOR_fbd82e73d1d1,b74a69495dc9
England,E12000008,E07000178,Oxford,OXFOR_249f53a7ed7a,7c988e3c0f78
England,E12000008,E07000178,Oxford,OXFOR_435389a17e43,0202e956ba89
England,E12000008,E07000178,Oxford,OXFOR_36254e7c91b6,cebc7b432b5c
England,E12000008,E07000178,Oxford,OXFOR_192dd6eb2f73,aa229206cb15
England,E12000008,E07000178,Oxford,OXFOR_1311745f204a,09ce8a5e611b
England,E12000008,E07000178,Oxford,OXFOR_7ca6c0012e1d,8104dd734947
England,E12000008,E07000178,Oxford,OXFOR_f49e9bbcb289,6150963eeb2a
England,E12000008,E07000178,Oxford,OXFOR_4d95ef68ba41,831da7f35315
England,E12000008,E07000178,Oxford,OXFOR_745cb9c3e1e4,8e46b042b4b1
England,E12000008,E07000178,Oxford,OXFOR_23ef8ef4bb40,ffcc26211274
England,E12000008,E07000178,Oxford,OXFOR_45ee6be8f8ad,48657fa17e75
England,E12000008,E07000178,Oxford,OXFOR_6ff6894c548f,41fc468ecf2f
England,E12000008,E07000178,Oxford,OXFOR_ddc1247ea2ec,baa904934fb7
England,E12000008,E07000178,Oxford,OXFOR_9cabf7b37037,667a88d43ac2
England,E12000008,E07000178,Oxford,OXFOR_56ed8f848c97,1b085deafde0
England,E12000008,E07000178,Oxford,OXFOR_0cc2548d9ed0,a52a5fb331ae
England,E12000008,E07000178,Oxford,OXFOR_9278fa467a99,531b1f6c4f62
England,E12000008,E07000178,Oxford,OXFOR_7431172f3aeb,36041d6f8622
England,E12000008,E07000178,Oxford,OXFOR_10a6b2bd26d7,3d28066c00b8
England,E12000008,E07000178,Oxford,OXFOR_927ba147ff38,4519bb7fb02b
England,E12000008,E07000178,Oxford,OXFOR_15f5e0cd6829,2634484acc16
England,E12000008,E07000178,Oxford,OXFOR_2d251c31d2a3,ba29270562fe
England,E12000008,E07000178,Oxford,OXFOR_b4084822bfae,cd76f110504b
England,E12000008,E07000178,Oxford,OXFOR_3760aebdcc67,347eb7fe6bf3
England,E12000008,E07000178,Oxford,OXFOR_3433f2835c70,0f9901c3114a
England,E12000008,E07000178,Oxford,OXFOR_3ab93b28efb9,c80c19d38447
England,E12000008,E07000178,Oxford,OXFOR_e5db63983167,5da54a2ee6e1
England,E12000008,E07000178,Oxford,OXFOR_8337787c5bec,c45e42242278
England,E12000008,E07000178,Oxford,OXFOR_6907ec43dba0,0f0b64f689fb
England,E12000008,E07000178,Oxford,OXFOR_0cd9eaadd24e,6018171b2721
England,E12000008,E07000178,Oxford,OXFOR_02218f0c9b53,5179899294e8
England,E12000008,E07000178,Oxford,OXFOR_bac2a7b6ed4e,dc621474cb7d
England,E12000008,E07000178,Oxford,OXFOR_440a6cd91503,a7f9654cb1cc
England,E12000008,E07000178,Oxford,OXFOR_43d2c7dcc124,1666147c7017
England,E12000008,E07000178,Oxford,OXFOR_af24fa813a43,c4aaa253243e
England,E12000008,E07000178,Oxford,OXFOR_eb1797c7dc97,9fef9081dd34
England,E12000008,E07000178,Oxford,OXFOR_c835c371f63c,f68b51f31c6a
England,E12000008,E07000178,Oxford,OXFOR_7145a7fd6ec6,cb3695be1e08
England,E12000008,E07000178,Oxford,OXFOR_f505e027a459,324848dd6dc2
England,E12000008,E07000178,Oxford,OXFOR_a21acddff1b3,ae8004018aac
England,E12000008,E07000178,Oxford,OXFOR_9359f965f84c,108833521c73
England,E12000008,E07000178,Oxford,OXFOR_ff21a3da9c1c,3291659da342
England,E12000008,E07000178,Oxford,OXFOR_80e56fcd17ea,a30fb81a3c08
England,E12000008,E07000178,Oxford,OXFOR_6d2e445e56f1,7b528c9265d2
England,E12000008,E07000178,Oxford,OXFOR_6b85ad97b281,516c961a6981
England,E12000008,E07000178,Oxford,OXFOR_1913f2ed8d8c,1f010d51dd90
England,E12000008,E07000178,Oxford,OXFOR_9223012e4036,bd58491ed5ff
England,E12000008,E07000178,Oxford,OXFOR_1a103eec0b5a,b5a1f013d691
England,E12000008,E07000178,Oxford,OXFOR_f70cad9666f9,1d6472189082
England,E12000008,E07000178,Oxford,OXFOR_e08d879ec2a9,a4c95f288ccf
England,E12000008,E07000178,Oxford,OXFOR_d1c87f9da078,e75971fb0e97
England,E12000008,E07000178,Oxford,OXFOR_cc58a890f337,880ded04cdd6
England,E12000008,E07000178,Oxford,OXFOR_dba41bc91e02,fdf8632dcb40
England,E12000008,E07000178,Oxford,OXFOR_2820ed8eb566,3b3f4095c752
England,E12000008,E07000178,Oxford,OXFOR_ca0b48372773,2590f813d02a
England,E12000008,E07000178,Oxford,OXFOR_3f1d59d6c267,67cae6ed2b19
England,E12000008,E07000178,Oxford,OXFOR_c5f1db834e2c,913b9352e365
England,E12000008,E07000178,Oxford,OXFOR_90f35bc268e3,332059bbafdb
England,E12000008,E07000178,Oxford,OXFOR_fe9ebc3511e2,2c2b5dba6a3b
England,E12000008,E07000178,Oxford,OXFOR_d719f2ae8743,2faf060d22f7
England,E12000008,E07000178,Oxford,OXFOR_8e64e4c75f36,cc43428c3722
England,E12000008,E07000178,Oxford,OXFOR_249c3910ba86,65450c44704c
England,E12000008,E07000178,Oxford,OXFOR_7a50ede817ce,47b455aa6a82
England,E12000008,E07000178,Oxford,OXFOR_b231743e55fe,f97a792f20ea
England,E12000008,E07000178,Oxford,OXFOR_d3869bc0f8e6,efc4599dcc02
England,E12000008,E07000178,Oxford,OXFOR_a6f5e6e545ff,85f5d3b17916
England,E12000008,E07000178,Oxford,OXFOR_2173bed45ecc,68719e11121b
England,E12000008,E07000178,Oxford,OXFOR_90b569bc1be8,a28ae09f5b50
England,E12000008,E07000178,Oxford,OXFOR_b8385cdfbefe,e4d888812947
England,E12000008,E07000178,Oxford,OXFOR_1a7782d7761f,8cefc8a57e1a
England,E12000008,E07000178,Oxford,OXFOR_18223160236d,fa0512e2024c
England,E12000008,E07000178,Oxford,OXFOR_27bf96798c1e,bf09ac2ddf39
England,E12000008,E07000178,Oxford,OXFOR_3d08e5afbda9,645a7bc63ce1
England,E12000008,E07000178,Oxford,OXFOR_2108c3c177c1,17cb939737a3
England,E12000008,E07000178,Oxford,OXFOR_635ebd22be77,e6e561872ec1
England,E12000008,E07000178,Oxford,OXFOR_4e8eef7d9ac3,16726eb0ba1c
England,E12000008,E07000178,Oxford,OXFOR_bccb47620eac,ffc2390af618
England,E12000008,E07000178,Oxford,OXFOR_52ceaf2350ec,1fe521b3e5bb
England,E12000008,E07000178,Oxford,OXFOR_0d7ce235e32d,8fd4a55e4978
England,E12000008,E07000178,Oxford,OXFOR_1cab64bbee7e,75e7e5026120
England,E12000008,E07000178,Oxford,OXFOR_1dd63a0d7f1b,7a9cb874c013
England,E12000008,E07000178,Oxford,OXFOR_298e612e304d,34486b015d75
England,E12000008,E07000178,Oxford,OXFOR_e6119022fb9d,9f167b55424f
England,E12000008,E07000178,Oxford,OXFOR_e76bc54a1701,5d78300161ee
England,E12000008,E07000178,Oxford,OXFOR_350cc393f9e6,8ae0629e25f6
England,E12000008,E07000178,Oxford,OXFOR_07a41ee0b8d4,3f8f04680f65
England,E12000008,E07000178,Oxford,OXFOR_572dacfb8e11,d6e5214b7006
England,E12000008,E07000178,Oxford,OXFOR_01831d885e41,7d499ba4732c
England,E12000008,E07000178,Oxford,OXFOR_fab2cabf89f1,f15dd773298e
England,E12000008,E07000178,Oxford,OXFOR_aef0317f34da,764a4fcb649f
England,E12000008,E07000178,Oxford,OXFOR_8f02a9f38d18,a07c71d0dc63
England,E12000008,E07000178,Oxford,OXFOR_6dcd48c37204,fab24c41a25f
England,E12000008,E07000178,Oxford,OXFOR_295f1caf59c6,34532fa6c529
England,E12000008,E07000178,Oxford,OXFOR_66f04d51701c,bbb6ebd34b1b
England,E12000008,E07000178,Oxford,OXFOR_20c25161c3a7,e6e4596482f7
England,E12000008,E07000178,Oxford,OXFOR_7d5f877caeb5,5f01add18d56
England,E12000008,E07000178,Oxford,OXFOR_c7c81a988c47,7b082e83b2cf
England,E12000008,E07000178,Oxford,OXFOR_7eab4d82f871,fdfc6dc32e23
England,E12000008,E07000178,Oxford,OXFOR_98dfd4495822,534ea06071e1
England,E12000008,E07000178,Oxford,OXFOR_007ad80dec00,ebaeb41ddd7d
England,E12000008,E07000178,Oxford,OXFOR_6f0a1c979ead,ee6dbf248c6d
England,E12000008,E07000178,Oxford,OXFOR_f07cf4f9a324,b83a9f44760c
England,E12000008,E07000178,Oxford,OXFOR_99957fa545be,3446beac3120
England,E12000008,E07000178,Oxford,OXFOR_7c5bd16e8130,f9f3899feed7
England,E12000008,E07000178,Oxford,OXFOR_c160c2534685,071d0fe00082
England,E12000008,E07000178,Oxford,OXFOR_226b745e4217,a35ebafbb975
England,E12000008,E07000178,Oxford,OXFOR_6ec023f1fc1c,04f436959ae9
England,E12000008,E07000178,Oxford,OXFOR_ea274e4613d5,945bda593ecf
England,E12000008,E07000178,Oxford,OXFOR_c582a1c995a3,bf778de6623f
England,E12000008,E07000178,Oxford,OXFOR_275e699f22ea,692d921221c7
England,E12000008,E07000178,Oxford,OXFOR_59374aacc0bd,09f985a706f9
England,E12000008,E07000178,Oxford,OXFOR_9ce4cd6c2211,fa541439a4f5
England,E12000008,E07000178,Oxford,OXFOR_9c70b204de89,67374bcb6c34
England,E12000008,E07000178,Oxford,OXFOR_9ec38bcca96f,dad179ead15c
England,E12000008,E07000178,Oxford,OXFOR_175288a13b4f,432a286c4c81
England,E12000008,E07000178,Oxford,OXFOR_0c7a54635a9a,0e7eb4fcc3fe
England,E12000008,E07000178,Oxford,OXFOR_2783cc1e2d3e,0acd00459044
England,E12000008,E07000178,Oxford,OXFOR_d807e551b472,2f7123f7ef7d
England,E12000008,E07000178,Oxford,OXFOR_b4523b431330,f2107830af3c
England,E12000008,E07000178,Oxford,OXFOR_c0437bb24efb,95d223460547
England,E12000008,E07000178,Oxford,OXFOR_e1c3d561d2dd,e5a4ec48dac9
England,E12000008,E07000178,Oxford,OXFOR_18f745db4138,5d65394434f3
England,E12000008,E07000178,Oxford,OXFOR_18f88740dcd6,8674e86d6b91
England,E12000008,E07000178,Oxford,OXFOR_7b5f66b68726,88b9b8699397
England,E12000008,E07000178,Oxford,OXFOR_506cb0c977ee,e62673fb0d0b
England,E12000008,E07000178,Oxford,OXFOR_d961c6c5a7ee,3805e2cfc6b5
England,E12000008,E07000178,Oxford,OXFOR_bdf3b3cf709b,0e4fb703758b
England,E12000008,E07000178,Oxford,OXFOR_d461d50dc5de,1e88275a7241
England,E12000008,E07000178,Oxford,OXFOR_f7209be7a854,ff5329fb94d1
England,E12000008,E07000178,Oxford,OXFOR_944c30ba8a5e,e4c92749c5db
England,E12000008,E07000178,Oxford,OXFOR_c7134359f398,cd17b6c30dee
England,E12000008,E07000178,Oxford,OXFOR_0e8a9da4bb7e,9197c094efef
England,E12000008,E07000178,Oxford,OXFOR_2de4e40823ca,f80bc80ba2ff
England,E12000008,E07000178,Oxford,OXFOR_ca9dd2f4abcb,b6920cd3fd54
England,E12000008,E07000178,Oxford,OXFOR_d1334e0ae8e1,ac2a5a61352f
England,E12000008,E07000178,Oxford,OXFOR_5305a5985125,dcdaf1d56378
England,E12000008,E07000178,Oxford,OXFOR_23186e36547e,1af9586cfccb
England,E12000008,E07000178,Oxford,OXFOR_2700188521c7,c2262cd55b5e
England,E12000008,E07000178,Oxford,OXFOR_5b2db05fc0de,3fbede5898dc
England,E12000008,E07000178,Oxford,OXFOR_2922e6fcc51d,55f2d4b97d82
England,E12000008,E07000178,Oxford,OXFOR_e50f227801d6,738c3ab75108
England,E12000008,E07000178,Oxford,OXFOR_607c16eb2320,3fa59584fcd7
England,E12000008,E07000178,Oxford,OXFOR_62cb04f1e67b,5bd8abe956b3
England,E12000008,E07000178,Oxford,OXFOR_d88e3d701000,284996b4d63a
England,E12000008,E07000178,Oxford,OXFOR_6acacfa93f12,d05aab2d74ef
England,E12000008,E07000178,Oxford,OXFOR_be76a1cf2c15,1af1b989c640
England,E12000008,E07000178,Oxford,OXFOR_8d509f5f6feb,7d6566af3493
England,E12000008,E07000178,Oxford,OXFOR_0bc8dbc78b6a,37a912f0b427
England,E12000008,E07000178,Oxford,OXFOR_c2074e76235c,371b593ec0d2
England,E12000008,E07000178,Oxford,OXFOR_5104fbba51ec,6e060ec5b75f
England,E12000008,E07000178,Oxford,OXFOR_fbfd3c2d3292,3c33465a7894
England,E12000008,E07000178,Oxford,OXFOR_a76b39bdb282,7ba6d70643f7
England,E12000008,E07000178,Oxford,OXFOR_0cacb1d166ba,7721bf9c2bad
England,E12000008,E07000178,Oxford,OXFOR_7616a5b01df7,dc99a033a385
England,E12000008,E07000178,Oxford,OXFOR_9fb1f98b9ebe,6e1d725f7c9f
England,E12000008,E07000178,Oxford,OXFOR_780e2a9ca108,e3d63fd822d1
England,E12000008,E07000178,Oxford,OXFOR_81871d4da6c8,198ecb6fbbe6
England,E12000008,E07000178,Oxford,OXFOR_ac479a39cf04,142e4221a738
England,E12000008,E07000178,Oxford,OXFOR_51ca48214f32,a9515717ac30
England,E12000008,E07000178,Oxford,OXFOR_48a5c385f1ef,d85848716a87
England,E12000008,E07000178,Oxford,OXFOR_1b77cd2f2a8b,ffd3c343bed5
England,E12000008,E07000178,Oxford,OXFOR_6144eff2d989,9d326f30739b
England,E12000008,E07000178,Oxford,OXFOR_7c8f872c0684,abea865bf2cd
England,E12000008,E07000178,Oxford,OXFOR_abed7ad8cadc,1028361cc0e7
England,E12000008,E07000178,Oxford,OXFOR_db2b16536d2c,b918fe084178
England,E12000008,E07000178,Oxford,OXFOR_175b06b84c0e,9e92e2e7e7a8
England,E12000008,E07000178,Oxford,OXFOR_36a9756bbc86,33988fa9298e
England,E12000008,E07000178,Oxford,OXFOR_ad3935babb71,127b50121000
England,E12000008,E07000178,Oxford,OXFOR_dfdb475d96b7,4d6f374f66c3
England,E12000008,E07000178,Oxford,OXFOR_007edc1fe70c,7dc02f53cc15
England,E12000008,E07000178,Oxford,OXFOR_02fabce430f3,7e055c9f01b9
England,E12000008,E07000178,Oxford,OXFOR_bfee13034bdc,a60855e090e7
England,E12000008,E07000178,Oxford,OXFOR_d0915f202b5d,e38a3bed6b6f
England,E12000008,E07000178,Oxford,OXFOR_efea3933d22b,22f5fc96de7b
England,E12000008,E07000178,Oxford,OXFOR_eccffa0deaae,4b3388b1ae85
England,E12000008,E07000178,Oxford,OXFOR_70404c39959e,ce2b05e57e84
England,E12000008,E07000178,Oxford,OXFOR_014ed5d44963,97596f54643c
England,E12000008,E07000178,Oxford,OXFOR_6e3f3b8b05c5,1b0c92fc5461
England,E12000008,E07000178,Oxford,OXFOR_0399435aae92,c67316462bfe
England,E12000008,E07000178,Oxford,OXFOR_63103b8d25f5,872342835280
England,E12000008,E07000178,Oxford,OXFOR_e958fcfe9791,cfaba72be95e
England,E12000008,E07000178,Oxford,OXFOR_65e7ea2db8d3,8538c7542740
England,E12000008,E07000178,Oxford,OXFOR_974f3b64ed77,675de4b2d311
England,E12000008,E07000178,Oxford,OXFOR_a3f301eac7be,2d442288e59c
England,E12000008,E07000178,Oxford,OXFOR_d8bb6cb6613d,32eac5eee0be
England,E12000008,E07000178,Oxford,OXFOR_9dd3155f241d,359f3bec50b5
England,E12000008,E07000178,Oxford,OXFOR_f033548cb265,e25daa3ebf35
England,E12000008,E07000178,Oxford,OXFOR_0d288c45b2e0,2028dd0e3dbb
England,E12000008,E07000178,Oxford,OXFOR_62b8c7925c20,c4c920805d6e
England,E12000008,E07000178,Oxford,OXFOR_061bdd96a1d0,15823b5292a9
England,E12000008,E07000178,Oxford,OXFOR_88af629ca78c,e735509e83c4
England,E12000008,E07000178,Oxford,OXFOR_7ad33ff56bcc,90358350cf9b
England,E12000008,E07000178,Oxford,OXFOR_493f907655cb,7c2415a2dde9
England,E12000008,E07000178,Oxford,OXFOR_092bf22c2b0c,cb8a20ab81b2
England,E12000008,E07000178,Oxford,OXFOR_e31ee38a30a6,728d538f8b90
England,E12000008,E07000178,Oxford,OXFOR_6981451da154,68c01af4f6ac
England,E12000008,E07000178,Oxford,OXFOR_fb9e9f9a7b78,2b7d1d0ba054
England,E12000008,E07000178,Oxford,OXFOR_1c4fbb29af7a,9856fc74c3db
England,E12000008,E07000178,Oxford,OXFOR_a5a2c9d70a3c,ebc5eb9a559d
England,E12000008,E07000178,Oxford,OXFOR_87ed917b67ed,e6cb3aa103cd
England,E12000008,E07000178,Oxford,OXFOR_30c5bb0e5ed9,cc3920565054
England,E12000008,E07000178,Oxford,OXFOR_b258a88d6b48,4ddacb0c5c4d
England,E12000008,E07000178,Oxford,OXFOR_44ec25e90237,cb29cd6798e3
England,E12000008,E07000178,Oxford,OXFOR_b8977c361b4e,1ab1036b26f0
England,E12000008,E07000178,Oxford,OXFOR_1623ebb5c6a3,c96ce658938d
England,E12000008,E07000178,Oxford,OXFOR_e3a45b84460f,839bda2f8ce6
England,E12000008,E07000178,Oxford,OXFOR_e28defcd1280,d53b060e4a88
England,E12000008,E07000178,Oxford,OXFOR_d2bb08e06e91,6c769e3e2592
England,E12000008,E07000178,Oxford,OXFOR_c33d0f6c02a3,757f27387add
England,E12000008,E07000178,Oxford,OXFOR_5dbad580c719,d08c82af0b1f
England,E12000008,E07000178,Oxford,OXFOR_aa937db1ee06,f22804bfec6d
England,E12000008,E07000178,Oxford,OXFOR_e36d1367df2d,2a81ae2969b2
England,E12000008,E07000178,Oxford,OXFOR_26a1f5df80aa,e2013ac8c3ed
England,E12000008,E07000178,Oxford,OXFOR_1b1232ee5d20,cafa97b9a4e7
England,E12000008,E07000178,Oxford,OXFOR_649731066081,f851600c62a3
England,E12000008,E07000178,Oxford,OXFOR_8ff9bc0a105c,33e1c3b82bed
England,E12000008,E07000178,Oxford,OXFOR_2637caec4c7d,bdc8d7bb4ab5
England,E12000008,E07000178,Oxford,OXFOR_2cbcba4c8560,8bad8c109983
England,E12000008,E07000178,Oxford,OXFOR_ca7fa326ec24,15e78068f9c8
England,E12000008,E07000178,Oxford,OXFOR_69cfefb0691c,3546f204ad03
England,E12000008,E07000178,Oxford,OXFOR_14f0290bd5b5,7538807572de
England,E12000008,E07000178,Oxford,OXFOR_c91aa117f6c3,a20a1b5ffb82
England,E12000008,E07000178,Oxford,OXFOR_1c4cba18bd29,1f28aab75e13
England,E12000008,E07000178,Oxford,OXFOR_145b65988532,71033798ed59
England,E12000008,E07000178,Oxford,OXFOR_651f36f0dbc3,17b345751c23
England,E12000008,E07000178,Oxford,OXFOR_eec91ed1faa8,57a6aab72fce
England,E12000008,E07000178,Oxford,OXFOR_b832accc20c3,6200486e345a
England,E12000008,E07000178,Oxford,OXFOR_b226e8cab5cb,51aa810bf129
England,E12000008,E07000178,Oxford,OXFOR_b9e39e007ec8,6bbdb7e152ff
England,E12000008,E07000178,Oxford,OXFOR_183da4b605c0,fffd64b434a0
England,E12000008,E07000178,Oxford,OXFOR_52fd619c0de5,6b525cdf5dc7
England,E12000008,E07000178,Oxford,OXFOR_94cacb8ff2d7,4a6c9c8478f3
England,E12000008,E07000178,Oxford,OXFOR_9f481966f488,a6352fe78e64
England,E12000008,E07000178,Oxford,OXFOR_e9de6177ac17,e2ae3ce85494
England,E12000008,E07000178,Oxford,OXFOR_84ec71e6bfb9,b7cc54598027
England,E12000008,E07000178,Oxford,OXFOR_4afe5b42b27f,93b4d39fa009
England,E12000008,E07000178,Oxford,OXFOR_7a3dacd6573c,d1127968906e
England,E12000008,E07000178,Oxford,OXFOR_eedf0e079ce1,7df0b50a19c7
England,E12000008,E07000178,Oxford,OXFOR_47efc6b5031f,176b29c65234
England,E12000008,E07000178,Oxford,OXFOR_57292832b3b5,0de90b8cd04a
England,E12000008,E07000178,Oxford,OXFOR_b3c4cac786de,afbcd4d0ff46
England,E12000008,E07000178,Oxford,OXFOR_e3059eccdee9,62c3e7a7bb06
England,E12000008,E07000178,Oxford,OXFOR_fca468ebce1f,544845167e04
England,E12000008,E07000178,Oxford,OXFOR_2cd48e977d07;OXFOR_07bf90781124;OXFOR_f4b92aa49bf6,28fbc0998bef
England,E12000008,E07000178,Oxford,OXFOR_1572f3223bf9,4ae39e5ee745
England,E12000008,E07000178,Oxford,OXFOR_4352bd894552,32fe8bc3b14b
England,E12000008,E07000178,Oxford,OXFOR_ce7590468016,6273807f8cab
England,E12000008,E07000178,Oxford,OXFOR_47ee8bd929ad,2485f91081dd
England,E12000008,E07000178,Oxford,OXFOR_09a3677349d2,c310c94ec8d0
England,E12000008,E07000178,Oxford,OXFOR_b9616e31f5b8,415a337836ad
England,E12000008,E07000178,Oxford,OXFOR_1ae4086fcb53,8af6a50ee135
England,E12000008,E07000178,Oxford,OXFOR_fbf378405552,e31e535cf476
England,E12000008,E07000178,Oxford,OXFOR_214b1688a291,843bc7224817
England,E12000008,E07000178,Oxford,OXFOR_f8389684e4a6,1d26f04a7019
England,E12000008,E07000178,Oxford,OXFOR_8586fb4c64be,c3db063c515d
England,E12000008,E07000178,Oxford,OXFOR_8c7849dec40e,01716b6766ef
England,E12000008,E07000178,Oxford,OXFOR_5329f7178b1e,489e4ef7ef4f
England,E12000008,E07000178,Oxford,OXFOR_4e92678f04fc,22549298cc33
England,E12000008,E07000178,Oxford,OXFOR_87fcd8f21eae,be9c83d7434a
