country,region_id,authority_id,auth_name_e,old_park_id,new_park_id,park_offical_id
England,E12000008,E07000105,Ashford,ASHFO_2abdb7d1e3d8,604bf5a1de5f,ASHFO_0
England,E12000008,E07000105,Ashford,ASHFO_7a554b8cf234;ASHFO_d280f0863529,3dc81e95ff16,ASHFO_1
England,E12000008,E07000105,Ashford,ASHFO_a200c0cf08bd,802fa776f9b6,ASHFO_2
England,E12000008,E07000105,Ashford,ASHFO_5da723c40a97,ce49572526b3,ASHFO_3
England,E12000008,E07000105,Ashford,ASHFO_51294c09abf7,e3723a932278,ASHFO_4
England,E12000008,E07000105,Ashford,ASHFO_c547c3149e99,c04211b5414a,ASHFO_5
England,E12000008,E07000105,Ashford,ASHFO_d9f9058f1dab,4c3f174e0186,ASHFO_6
England,E12000008,E07000105,Ashford,ASHFO_5780b0457aca;ASHFO_555cf4c61a57,6c9aa22c0a43,ASHFO_7
England,E12000008,E07000105,Ashford,ASHFO_fbc447d9bb49,96ccd90d1cc7,ASHFO_8
England,E12000008,E07000105,Ashford,ASHFO_7faf6290d1c7;ASHFO_025301768059,8139b94b43fc,ASHFO_9
England,E12000008,E07000105,Ashford,ASHFO_c0207b93a3b8,a390018367bd,ASHFO_10
England,E12000008,E07000105,Ashford,ASHFO_1b420e2c5746;ASHFO_255af52ecc5c,de89546137aa,ASHFO_11
England,E12000008,E07000105,Ashford,ASHFO_cb2730aed149;ASHFO_0752d0a0b60d,b6fcbd9c3be0,ASHFO_12
England,E12000008,E07000105,Ashford,ASHFO_08e960d0de20,66331559c504,ASHFO_13
England,E12000008,E07000105,Ashford,ASHFO_9bce5ab7bdb3,a862f8a5805f,ASHFO_14
England,E12000008,E07000105,Ashford,ASHFO_99f0e481b5bf,726b57b6992b,ASHFO_15
England,E12000008,E07000105,Ashford,ASHFO_237ff194cf27;ASHFO_cbfe6f4e20f6,d2086e9dc337,ASHFO_16
England,E12000008,E07000105,Ashford,ASHFO_55ab851deb59;ASHFO_ad57ab846f80,16969bec07d1,ASHFO_17
England,E12000008,E07000105,Ashford,ASHFO_18ed47096ed3;ASHFO_442ba2178c7e,0f0e3e040ce9,ASHFO_18
England,E12000008,E07000105,Ashford,ASHFO_d51f54510adb;ASHFO_f442ae6298be,54b373b27ca6,ASHFO_19
England,E12000008,E07000105,Ashford,ASHFO_726813da0ef9,a965e44a9779,ASHFO_20
England,E12000008,E07000105,Ashford,ASHFO_9126e35a8471,44eede4ef838,ASHFO_21
England,E12000008,E07000105,Ashford,ASHFO_c3c3ecff44bd;ASHFO_ea6e00137850,a5a2745abf54,ASHFO_22
England,E12000008,E07000105,Ashford,ASHFO_0a2db0a1021e,e4a5801aba6e,ASHFO_23
England,E12000008,E07000105,Ashford,ASHFO_cd542067c55f,bf6db7512d38,ASHFO_24
England,E12000008,E07000105,Ashford,ASHFO_528cea361f5f;ASHFO_d3f7372061e5,28c0b7f0b5be,ASHFO_25
England,E12000008,E07000105,Ashford,ASHFO_c580410a053a,ed79e990b45d,ASHFO_26
England,E12000008,E07000105,Ashford,ASHFO_bf9d5c6ca2e0;ASHFO_acce2b885693,2ccae4290314,ASHFO_27
England,E12000008,E07000105,Ashford,ASHFO_52c9e4fcca19;ASHFO_19ea7845db99,0f4f5c0c51d3,ASHFO_28
England,E12000008,E07000105,Ashford,ASHFO_263deba4cf5e;ASHFO_b5eb3841b41d,799a9bc69071,ASHFO_29
England,E12000008,E07000105,Ashford,ASHFO_dc649601607f,9614cb678ffc,ASHFO_30
England,E12000008,E07000105,Ashford,ASHFO_bb99becef780;ASHFO_c6e4a28646fa,b9755a487fa0,ASHFO_31
England,E12000008,E07000105,Ashford,ASHFO_367efa299e44;ASHFO_70edc3709634,4b3fdd694537,ASHFO_32
England,E12000008,E07000105,Ashford,ASHFO_9e74ead85953,3797bf4e99d9,ASHFO_33
England,E12000008,E07000105,Ashford,ASHFO_7e7e8e7a05bd,a5a52d359f2f,ASHFO_34
England,E12000008,E07000105,Ashford,ASHFO_3cd602d71203,0f1c934fa6d5,ASHFO_35
England,E12000008,E07000105,Ashford,ASHFO_505e6c68fe55,e68451e81167,ASHFO_36
England,E12000008,E07000105,Ashford,ASHFO_0ef5e377ae8c;ASHFO_3a323110f43f;ASHFO_b7a0138b810a,d070b7e28f48,ASHFO_37
England,E12000008,E07000105,Ashford,ASHFO_318fb54ae73c;ASHFO_3a157bc250dd;ASHFO_9b632a64f7fa,f885d8993dff,ASHFO_38
England,E12000008,E07000105,Ashford,ASHFO_ba68eb77a8aa;ASHFO_820bfd1ec273;ASHFO_28608c9f0059,d8211026d454,ASHFO_39
England,E12000008,E07000105,Ashford,ASHFO_0e98f2c0512c,dc16dc9a1767,ASHFO_40
England,E12000008,E07000105,Ashford,ASHFO_7715de7bd3d5,7aaa88a9f844,ASHFO_41
England,E12000008,E07000105,Ashford,ASHFO_a7ef89c8fb9a;ASHFO_3bc0c33dfe20,e968747a8f2d,ASHFO_42
England,E12000008,E07000105,Ashford,ASHFO_1d867298501b;ASHFO_ef54b3d1b90e,dfe03079068f,ASHFO_43
England,E12000008,E07000105,Ashford,ASHFO_63cf17f202a2,e9c54d3167c8,ASHFO_44
England,E12000008,E07000105,Ashford,ASHFO_26767fd92d45,7642237e1c5c,ASHFO_45
England,E12000008,E07000105,Ashford,ASHFO_c28f7f2f1e48,4eae6b6414d7,ASHFO_46
England,E12000008,E07000105,Ashford,ASHFO_c93a263cb8cb,5cebeb834d87,ASHFO_47
England,E12000008,E07000105,Ashford,ASHFO_461f76dbd33f;ASHFO_722fab265d18,009d8e76fe0d,ASHFO_48
England,E12000008,E07000105,Ashford,ASHFO_1e16eb64b64b;ASHFO_7863925bdabd;ASHFO_b5b6f828f641,36027a815601,ASHFO_49
England,E12000008,E07000105,Ashford,ASHFO_13d63c5b49ea;ASHFO_b8c1c6b44845,555564219039,ASHFO_50
England,E12000008,E07000105,Ashford,ASHFO_6f9c0f573c79,af31941df7f2,ASHFO_51
England,E12000008,E07000105,Ashford,ASHFO_3254149bc06d;ASHFO_49a5e3bb17f2,8627bc76fb42,ASHFO_52
England,E12000008,E07000105,Ashford,ASHFO_641f614ce1e7;ASHFO_f8b9b8b2bce7,d8d4e0299f05,ASHFO_53
England,E12000008,E07000105,Ashford,ASHFO_27cce6c580b1,f6dbb162cf52,ASHFO_54
England,E12000008,E07000105,Ashford,ASHFO_8034f15f9852;ASHFO_bb78956bb16f,56439bb92cc6,ASHFO_55
England,E12000008,E07000105,Ashford,ASHFO_1961107652e4,8f164a5daae5,ASHFO_56
England,E12000008,E07000105,Ashford,ASHFO_187463f0ed14,a3b552a76967,ASHFO_57
England,E12000008,E07000105,Ashford,ASHFO_8cd19ed977b6,03632e7a3054,ASHFO_58
England,E12000008,E07000105,Ashford,ASHFO_dd6645f14fd1,ddde9e097075,ASHFO_59
England,E12000008,E07000105,Ashford,ASHFO_8d55100d954b;ASHFO_42500801a1d8,c1613e657131,ASHFO_60
England,E12000008,E07000105,Ashford,ASHFO_5f04f3227425,5aa4dae59859,ASHFO_61
England,E12000008,E07000105,Ashford,ASHFO_2637b6a54c05;ASHFO_7347e579e311,25327b4c43f1,ASHFO_62
England,E12000008,E07000105,Ashford,ASHFO_7142cdd650b2,23a5a76a1bfd,ASHFO_63
England,E12000008,E07000105,Ashford,ASHFO_74d99cd3b4f2;ASHFO_5176448e581d,67a983bd3f20,ASHFO_64
England,E12000008,E07000105,Ashford,ASHFO_a062e1a040df,87471696b982,ASHFO_65
England,E12000008,E07000105,Ashford,ASHFO_9d9168199da3;ASHFO_cfb781a95ce6,f6ef75d6aa97,ASHFO_66
England,E12000008,E07000105,Ashford,ASHFO_b6ff22f2ff40,042593fa1aff,ASHFO_67
England,E12000008,E07000105,Ashford,ASHFO_1c4dbf1f7874,73fe02b74393,ASHFO_68
England,E12000008,E07000105,Ashford,ASHFO_11dd10482b8d,453dd0764da3,ASHFO_69
England,E12000008,E07000105,Ashford,ASHFO_198b2fde80d7,f158ce30d9d2,ASHFO_70
England,E12000008,E07000105,Ashford,ASHFO_cd1695f0e097,cdc299279471,ASHFO_71
England,E12000008,E07000105,Ashford,ASHFO_b300196b2e05,d7c3880718ba,ASHFO_72
England,E12000008,E07000105,Ashford,ASHFO_d0e0e49ad5be,0fdd7a658efe,ASHFO_73
England,E12000008,E07000105,Ashford,ASHFO_6c9c15ccb9d6,33c385c8dd8b,ASHFO_74
England,E12000008,E07000105,Ashford,ASHFO_5904f55c64c0,358ce0bd0db8,ASHFO_75
England,E12000008,E07000105,Ashford,ASHFO_507388bd6566,4f593058a492,ASHFO_76
England,E12000008,E07000105,Ashford,ASHFO_1b6d7dd3fc6f,b45d11c2d647,ASHFO_77
England,E12000008,E07000105,Ashford,ASHFO_9db499b021b3,993673e14d0c,ASHFO_78
England,E12000008,E07000105,Ashford,ASHFO_16b12f369a42,1977f0e4982b,ASHFO_79
England,E12000008,E07000105,Ashford,ASHFO_f9cc6d260105,b02da1998b5c,ASHFO_80
England,E12000008,E07000105,Ashford,ASHFO_0c4183bd720c,f63d50cb1288,ASHFO_81
England,E12000008,E07000105,Ashford,ASHFO_748cd04c5090,40dd060632e6,ASHFO_82
England,E12000008,E07000105,Ashford,ASHFO_b5b9c50dc19d,f6415beb0f35,ASHFO_83
England,E12000008,E07000105,Ashford,ASHFO_f90c5574a2da,7c2591a5e84e,ASHFO_84
England,E12000008,E07000105,Ashford,ASHFO_5b852a66d0f1,f449cfe828e3,ASHFO_85
England,E12000008,E07000105,Ashford,ASHFO_76cb4f8e415a,04baf6a3495f,ASHFO_86
England,E12000008,E07000105,Ashford,ASHFO_f10418912174,5f963695d013,ASHFO_87
England,E12000008,E07000105,Ashford,ASHFO_ee3a1e28e59a,299ea860f4ff,ASHFO_88
England,E12000008,E07000105,Ashford,ASHFO_7b2621716824,5de1db90a067,ASHFO_89
England,E12000008,E07000105,Ashford,ASHFO_7282a42cec9d,85716d5008ad,ASHFO_90
England,E12000008,E07000105,Ashford,ASHFO_ecff84ab8eba,2ab20c5af846,ASHFO_91
England,E12000008,E07000105,Ashford,ASHFO_0691baa71ef2,1046727e773e,ASHFO_92
England,E12000008,E07000105,Ashford,ASHFO_e3f4dbb1f5c0,7b0cbd89faa1,ASHFO_93
England,E12000008,E07000105,Ashford,ASHFO_e5f4bf904d20,7a4717045b57,ASHFO_94
England,E12000008,E07000105,Ashford,ASHFO_0785de9e1c7a,83f469576fb4,ASHFO_95
England,E12000008,E07000105,Ashford,ASHFO_24cac55c8f93,90d8b7888d40,ASHFO_96
England,E12000008,E07000105,Ashford,ASHFO_8ae55dfa6cb1,46fe932428a6,ASHFO_97
England,E12000008,E07000105,Ashford,ASHFO_c1726821c94a,4df9ab06ef0b,ASHFO_98
England,E12000008,E07000105,Ashford,ASHFO_8953ba530a63,f070777f6372,ASHFO_99
England,E12000008,E07000105,Ashford,ASHFO_37ea6a981372,0fd04d7b82e6,ASHFO_100
England,E12000008,E07000105,Ashford,ASHFO_ef4864a25480,5f39b0172e4d,ASHFO_101
England,E12000008,E07000105,Ashford,ASHFO_6a578981eb82,c3f731b008ae,ASHFO_102
England,E12000008,E07000105,Ashford,ASHFO_8aae1cffce1a,a1a531d83980,ASHFO_103
England,E12000008,E07000105,Ashford,ASHFO_87cb9af08bd9,c8a86594ee09,ASHFO_104
England,E12000008,E07000105,Ashford,ASHFO_2c23235ff197,733af926dba7,ASHFO_105
England,E12000008,E07000105,Ashford,ASHFO_e81ade7b9e69;ASHFO_40ada08fbe87,1999dd92fa33,ASHFO_106
England,E12000008,E07000105,Ashford,ASHFO_8ef48609ad93,6901341fd37f,ASHFO_107
England,E12000008,E07000105,Ashford,ASHFO_43b924dc6789,38b2b25f1283,ASHFO_108
England,E12000008,E07000105,Ashford,ASHFO_921324190d8d,40749eb75b78,ASHFO_109
England,E12000008,E07000105,Ashford,ASHFO_c02b5a7786fc,dd10286934fe,ASHFO_110
England,E12000008,E07000105,Ashford,ASHFO_086113e34541,dc5f152ebb94,ASHFO_111
England,E12000008,E07000105,Ashford,ASHFO_62a73fafc41e,221cb2bc1c8d,ASHFO_112
England,E12000008,E07000105,Ashford,ASHFO_9c39e52d0cf5,ba1edf7ce5f6,ASHFO_113
England,E12000008,E07000105,Ashford,ASHFO_959a3adf6038,ecf362557363,ASHFO_114
England,E12000008,E07000105,Ashford,ASHFO_18d3ab7901cb,7419decad1f2,ASHFO_115
England,E12000008,E07000105,Ashford,ASHFO_4ffa222d6248,9f2ecf3e4905,ASHFO_116
England,E12000008,E07000105,Ashford,ASHFO_b665e9c2b268,282058a30b24,ASHFO_117
England,E12000008,E07000105,Ashford,ASHFO_e27fd52e4f3e,bb6ff570a96e,ASHFO_118
England,E12000008,E07000105,Ashford,ASHFO_f5eec847142b,c2120b41d64d,ASHFO_119
England,E12000008,E07000105,Ashford,ASHFO_c095568ac764,2c191d7eb28c,ASHFO_120
England,E12000008,E07000105,Ashford,ASHFO_88b4a6dc8594,2dbf8839f593,ASHFO_121
England,E12000008,E07000105,Ashford,ASHFO_7a26399c0626,6278e91476db,ASHFO_122
England,E12000008,E07000105,Ashford,ASHFO_e617844bcff3,a94bb3dd017c,ASHFO_123
England,E12000008,E07000105,Ashford,ASHFO_86bad97be11b,c0f00be94285,ASHFO_124
England,E12000008,E07000105,Ashford,ASHFO_f1c80b55296a,49a468f71dc9,ASHFO_125
England,E12000008,E07000105,Ashford,ASHFO_44122f2cfe97,a7cae2301511,ASHFO_126
England,E12000008,E07000105,Ashford,ASHFO_b405a1f11f9b,94581bd6c853,ASHFO_127
England,E12000008,E07000105,Ashford,ASHFO_4abb0389df89,9e16245f5d8e,ASHFO_128
England,E12000008,E07000105,Ashford,ASHFO_cde8b0283c20,a2a54a72e5b0,ASHFO_129
England,E12000008,E07000105,Ashford,ASHFO_4bcd0586f7cd,f9c5ece9c61f,ASHFO_130
England,E12000008,E07000105,Ashford,ASHFO_0174963bc323,8b16fc6469b5,ASHFO_131
England,E12000008,E07000105,Ashford,ASHFO_cd8887dfd397,7c438e43d469,ASHFO_132
England,E12000008,E07000105,Ashford,ASHFO_2013c9c99cdd,9d77ce5ca870,ASHFO_133
England,E12000008,E07000105,Ashford,ASHFO_0816b2f6bcd7,cd74d84f86a2,ASHFO_134
England,E12000008,E07000105,Ashford,ASHFO_234e06859418,c47894e6eef7,ASHFO_135
England,E12000008,E07000105,Ashford,ASHFO_658146fb97fa,7b8f51445ce9,ASHFO_136
England,E12000008,E07000105,Ashford,ASHFO_5de51f4ef11d,fd4c49d31f69,ASHFO_137
England,E12000008,E07000105,Ashford,ASHFO_f37d683aaebe,285e66b85901,ASHFO_138
England,E12000008,E07000105,Ashford,ASHFO_479ce2ca3fd9,bc7d0eed305a,ASHFO_139
England,E12000008,E07000105,Ashford,ASHFO_68deecc24162,c4032af9d5be,ASHFO_140
England,E12000008,E07000105,Ashford,ASHFO_cb8e2c8d923c,4774c226a7a1,ASHFO_141
England,E12000008,E07000105,Ashford,ASHFO_ee1d32f9d017,927f320c9660,ASHFO_142
England,E12000008,E07000105,Ashford,ASHFO_32a4c119d958,bb99000af9ce,ASHFO_143
England,E12000008,E07000105,Ashford,ASHFO_9697a65b2321,64818f6936dd,ASHFO_144
England,E12000008,E07000105,Ashford,ASHFO_a2d4a7ff40ff,00736eebf396,ASHFO_145
England,E12000008,E07000105,Ashford,ASHFO_3eb8ab43d27f,cf150ac22903,ASHFO_146
England,E12000008,E07000105,Ashford,ASHFO_67502ed73e20,9de2a5f923ee,ASHFO_147
England,E12000008,E07000105,Ashford,ASHFO_5116dfe657c0,42245b9eef3b,ASHFO_148
England,E12000008,E07000105,Ashford,ASHFO_7c77e49dd28e,3049ea516829,ASHFO_149
England,E12000008,E07000105,Ashford,ASHFO_997042f6ce67,f276fd1fc1b5,ASHFO_150
England,E12000008,E07000105,Ashford,ASHFO_767086782535,88bff889996d,ASHFO_151
England,E12000008,E07000105,Ashford,ASHFO_e75202266d02,208f81f77d58,ASHFO_152
England,E12000008,E07000105,Ashford,ASHFO_bbbbc7d17eb2,43b9baec97e5,ASHFO_153
England,E12000008,E07000105,Ashford,ASHFO_c8cb9c8c0bda,162bfa264c04,ASHFO_154
England,E12000008,E07000105,Ashford,ASHFO_a39d395dd347,306563ca251c,ASHFO_155
England,E12000008,E07000105,Ashford,ASHFO_da71299e74ad,4bf155d2ac9b,ASHFO_156
England,E12000008,E07000105,Ashford,ASHFO_8006dea83e57,5722e23eb4ea,ASHFO_157
England,E12000008,E07000105,Ashford,ASHFO_3170d04651a9,1b6d24c9cc5f,ASHFO_158
England,E12000008,E07000105,Ashford,ASHFO_0143871cc9b7,4dbbcc3f65b0,ASHFO_159
England,E12000008,E07000105,Ashford,ASHFO_b7ec9c13a87d,118589497c16,ASHFO_160
England,E12000008,E07000105,Ashford,ASHFO_bceda3f3e5ab,02413994d6d8,ASHFO_161
England,E12000008,E07000105,Ashford,ASHFO_c07ce1c587eb,ca089f0ae608,ASHFO_162
England,E12000008,E07000105,Ashford,ASHFO_5b7da2590251,11fd34847715,ASHFO_163
England,E12000008,E07000105,Ashford,ASHFO_e600f0e7e900,e61da7cbcc7d,ASHFO_164
England,E12000008,E07000105,Ashford,ASHFO_bcdfa17af6c0,8673eab120ac,ASHFO_165
England,E12000008,E07000105,Ashford,ASHFO_e00007b26348,19e45dc19044,ASHFO_166
England,E12000008,E07000105,Ashford,ASHFO_b53ea7d8ecb8,00f137e50843,ASHFO_167
England,E12000008,E07000105,Ashford,ASHFO_d9efc5e43b34,b726f2441688,ASHFO_168
England,E12000008,E07000105,Ashford,ASHFO_a70845a44c4d,406f1e9999b4,ASHFO_169
England,E12000008,E07000105,Ashford,ASHFO_473b8368ed56,a855c0b2a11b,ASHFO_170
England,E12000008,E07000105,Ashford,ASHFO_e983c42c398e,06e2fcba41cb,ASHFO_171
England,E12000008,E07000105,Ashford,ASHFO_1e40ca173a80,3a2a2e260f62,ASHFO_172
England,E12000008,E07000105,Ashford,ASHFO_4eae81ae1546,99abc2283ef8,ASHFO_173
England,E12000008,E07000105,Ashford,ASHFO_e323e0426c81,0f02dab553c0,ASHFO_174
England,E12000008,E07000105,Ashford,ASHFO_482237b96eeb,4b39051cba05,ASHFO_175
England,E12000008,E07000105,Ashford,ASHFO_ebd694af3c1f,165e016f308d,ASHFO_176
England,E12000008,E07000105,Ashford,ASHFO_b4ae802094c1,85c942c9a9e2,ASHFO_177
England,E12000008,E07000105,Ashford,ASHFO_9c067b17efe5,1d9f57587fdc,ASHFO_178
England,E12000008,E07000105,Ashford,ASHFO_c20d22775402,54ac91e02185,ASHFO_179
England,E12000008,E07000105,Ashford,ASHFO_b564c29caeeb,224004ec3525,ASHFO_180
England,E12000008,E07000105,Ashford,ASHFO_c44d1cd9d951,c7de40bcca63,ASHFO_181
England,E12000008,E07000105,Ashford,ASHFO_b25fc2dd1616,c134f0d59652,ASHFO_182
England,E12000008,E07000105,Ashford,ASHFO_555272d173eb,33a63fb2a139,ASHFO_183
England,E12000008,E07000105,Ashford,ASHFO_035997521e27,a82944cd0730,ASHFO_184
England,E12000008,E07000105,Ashford,ASHFO_708f83f784aa,1497fe6e80ea,ASHFO_185
England,E12000008,E07000105,Ashford,ASHFO_52e67448a477,dc9f86b3b5ab,ASHFO_186
England,E12000008,E07000105,Ashford,ASHFO_93c137ea9bcd,8c7d7a0102b8,ASHFO_187
England,E12000008,E07000105,Ashford,ASHFO_49940b74214f,80cc788387cb,ASHFO_188
England,E12000008,E07000105,Ashford,ASHFO_1c3d38ba3674,546e5587ad62,ASHFO_189
England,E12000008,E07000105,Ashford,ASHFO_9ca2a64e2f6f,310b44c0f85a,ASHFO_190
England,E12000008,E07000105,Ashford,ASHFO_1f5db52a9d05,c69783ca9136,ASHFO_191
England,E12000008,E07000105,Ashford,ASHFO_6b5efe4cb6b1,e84a88a4ea6f,ASHFO_192
England,E12000008,E07000105,Ashford,ASHFO_55ea27a5505e,0c01c959e534,ASHFO_193
England,E12000008,E07000105,Ashford,ASHFO_a92d05964f6a,319c6c9327f3,ASHFO_194
England,E12000008,E07000105,Ashford,ASHFO_f12465df1348,b927253118c9,ASHFO_195
England,E12000008,E07000105,Ashford,ASHFO_ba3bd6baacee,44ffdd6c1de3,ASHFO_196
England,E12000008,E07000105,Ashford,ASHFO_a10a77816f93,f46262e5938b,ASHFO_197
England,E12000008,E07000105,Ashford,ASHFO_b3dce86860e0,ad9a32a4abec,ASHFO_198
England,E12000008,E07000105,Ashford,ASHFO_28988d590561,a4d3c3ee8fb7,ASHFO_199
England,E12000008,E07000105,Ashford,ASHFO_362d94d25cc4,216a69a0f333,ASHFO_200
England,E12000008,E07000105,Ashford,ASHFO_d804a17b9820,4fe5f1cc41c0,ASHFO_201
England,E12000008,E07000105,Ashford,ASHFO_156162276a1e,08cc39a9b393,ASHFO_202
England,E12000008,E07000105,Ashford,ASHFO_5e05141f6701,a57ad921fd24,ASHFO_203
England,E12000008,E07000105,Ashford,ASHFO_824da2a8bbab,f778a310fad2,ASHFO_204
England,E12000008,E07000105,Ashford,ASHFO_4240ca194a0a,9609636b26a5,ASHFO_205
England,E12000008,E07000105,Ashford,ASHFO_64b7b709ca67,89f62e9feb93,ASHFO_206
England,E12000008,E07000105,Ashford,ASHFO_645dc5379d67,14d73ed1411c,ASHFO_207
England,E12000008,E07000105,Ashford,ASHFO_0e242189fa35,5c99c92646b1,ASHFO_208
England,E12000008,E07000105,Ashford,ASHFO_948211124685,5cb123dee5be,ASHFO_209
England,E12000008,E07000105,Ashford,ASHFO_0cdf1a3d716d,c2bb813c150a,ASHFO_210
England,E12000008,E07000105,Ashford,ASHFO_2067d48a531e,4a979cf1f296,ASHFO_211
England,E12000008,E07000105,Ashford,ASHFO_723b3b58985c,6668b7df9899,ASHFO_212
England,E12000008,E07000105,Ashford,ASHFO_dd17b83b961a,a03fe71a3e4d,ASHFO_213
England,E12000008,E07000105,Ashford,ASHFO_e11c368c688c,2b7922da2c93,ASHFO_214
England,E12000008,E07000105,Ashford,ASHFO_4fbaf08ceb4c,67b9329bbe7f,ASHFO_215
England,E12000008,E07000105,Ashford,ASHFO_3c4f214a19c8,24636fc6c2de,ASHFO_216
England,E12000008,E07000105,Ashford,ASHFO_b5127b9a2232,dfbd05583b29,ASHFO_217
England,E12000008,E07000105,Ashford,ASHFO_fd7a71742bd1,6cd96f51b2d4,ASHFO_218
England,E12000008,E07000105,Ashford,ASHFO_2aadcd79cad4,284a4b2a736e,ASHFO_219
England,E12000008,E07000105,Ashford,ASHFO_82d2ae71770e,e076d2b6644c,ASHFO_220
England,E12000008,E07000105,Ashford,ASHFO_5970f9ed2037,a76968a1b89d,ASHFO_221
England,E12000008,E07000105,Ashford,ASHFO_9787d613f9f7,cbaf7d60b68e,ASHFO_222
England,E12000008,E07000105,Ashford,ASHFO_80e9dcb4cb40,8c0e89ca0956,ASHFO_223
England,E12000008,E07000105,Ashford,ASHFO_fb62bb31a93a,8446ac6f42a5,ASHFO_224
England,E12000008,E07000105,Ashford,ASHFO_550e1d425502,6707c1832483,ASHFO_225
England,E12000008,E07000105,Ashford,ASHFO_53b6603b0626,420f631c7497,ASHFO_226
England,E12000008,E07000105,Ashford,ASHFO_3658b868e9e3,89cc4f85965c,ASHFO_227
England,E12000008,E07000105,Ashford,ASHFO_fdf43ac4ab48,fade57b6a193,ASHFO_228
England,E12000008,E07000105,Ashford,ASHFO_fa84be82c221,66d2014f3bc7,ASHFO_229
England,E12000008,E07000105,Ashford,ASHFO_c88e6bf25824,c5c3e963aa7f,ASHFO_230
England,E12000008,E07000105,Ashford,ASHFO_1c4a9e728642,1ae65d0a357c,ASHFO_231
England,E12000008,E07000105,Ashford,ASHFO_c83222217261,621f6b1d7724,ASHFO_232
England,E12000008,E07000105,Ashford,ASHFO_eb793a26a8bb,b1581a8bb902,ASHFO_233
England,E12000008,E07000105,Ashford,ASHFO_c3ce5f905fb3,a7c200e4e5eb,ASHFO_234
England,E12000008,E07000105,Ashford,ASHFO_6a81834e453a,d0413f7a4858,ASHFO_235
England,E12000008,E07000105,Ashford,ASHFO_465f211a28cd,a6ffb69896b6,ASHFO_236
England,E12000008,E07000105,Ashford,ASHFO_a9847519cb76,5e81bf352561,ASHFO_237
England,E12000008,E07000105,Ashford,ASHFO_70bcbbaa6bbb,1d93e116b7d0,ASHFO_238
England,E12000008,E07000105,Ashford,ASHFO_6f0e27c11253,b671b6dc44c8,ASHFO_239
England,E12000008,E07000105,Ashford,ASHFO_21a2eb4a0bf4,0a467cf0159c,ASHFO_240
England,E12000008,E07000105,Ashford,ASHFO_43df4f1e2680,c2f6af8d9d09,ASHFO_241
England,E12000008,E07000105,Ashford,ASHFO_5e051d55ed88,86e0c2a192c3,ASHFO_242
England,E12000008,E07000105,Ashford,ASHFO_43cf2bbd721a,b806e4e7bbc8,ASHFO_243
England,E12000008,E07000105,Ashford,ASHFO_15f5bad0ab17,431e2b52f311,ASHFO_244
England,E12000008,E07000105,Ashford,ASHFO_d9d2e272092a,0c7a16274dd7,ASHFO_245
England,E12000008,E07000105,Ashford,ASHFO_f825abe32658,78cf0f4d6ab7,ASHFO_246
England,E12000008,E07000105,Ashford,ASHFO_4a2d4c436ac7,5a6bb2161c74,ASHFO_247
England,E12000008,E07000105,Ashford,ASHFO_ecb244bb6239,dbc8626e0c27,ASHFO_248
England,E12000008,E07000105,Ashford,ASHFO_18dbc066383a,d7eb40528274,ASHFO_249
England,E12000008,E07000105,Ashford,ASHFO_8ef051bb0994,ec2aea17dd9a,ASHFO_250
England,E12000008,E07000105,Ashford,ASHFO_01f2aaf3b2a5,9a98be70f713,ASHFO_251
England,E12000008,E07000105,Ashford,ASHFO_3bde3274503c,79362466a7b0,ASHFO_252
England,E12000008,E07000105,Ashford,ASHFO_2bd8840a3b1a,0074ec8644c4,ASHFO_253
England,E12000008,E07000105,Ashford,ASHFO_5af120a6efb7,71df132cfe7c,ASHFO_254
England,E12000008,E07000105,Ashford,ASHFO_4db1cef75419,2e6d2bc00c17,ASHFO_255
England,E12000008,E07000105,Ashford,ASHFO_82d80e8ea4f3,35b9e5532f59,ASHFO_256
England,E12000008,E07000105,Ashford,ASHFO_56e9f5f7cfc6,46c219cfbb82,ASHFO_257
England,E12000008,E07000105,Ashford,ASHFO_2d3872055ce7,cc1e14c1546e,ASHFO_258
England,E12000008,E07000105,Ashford,ASHFO_35936564bca2,8f7cb56b1c69,ASHFO_259
England,E12000008,E07000105,Ashford,ASHFO_597f8dfffd8c,63368665d543,ASHFO_260
England,E12000008,E07000105,Ashford,ASHFO_296bf0e13ec5,fa8c1861dfb6,ASHFO_261
England,E12000008,E07000105,Ashford,ASHFO_224876447a56,0be6e89048f7,ASHFO_262
England,E12000008,E07000105,Ashford,ASHFO_c9f92a6ab21a,7d13735cf6d5,ASHFO_263
England,E12000008,E07000105,Ashford,ASHFO_52b23a1655a7,9fa0e4730c07,ASHFO_264
England,E12000008,E07000105,Ashford,ASHFO_aa9fa89ba824,bbed83e22b08,ASHFO_265
England,E12000008,E07000105,Ashford,ASHFO_0bd7de1cc045,37edbafe43e0,ASHFO_266
England,E12000008,E07000105,Ashford,ASHFO_3be66820d32a,731251deb67f,ASHFO_267
England,E12000008,E07000105,Ashford,ASHFO_cbe973ac1d7f,a1618a8dc1ae,ASHFO_268
England,E12000008,E07000105,Ashford,ASHFO_5670830f581f,68d9339ec6a2,ASHFO_269
England,E12000008,E07000105,Ashford,ASHFO_6eb11f3b1cba,8dc1620b7499,ASHFO_270
England,E12000008,E07000105,Ashford,ASHFO_91db8cf47d1f,a41540dad03f,ASHFO_271
England,E12000008,E07000105,Ashford,ASHFO_0381801ef7d0,5d100a0532a6,ASHFO_272
England,E12000008,E07000105,Ashford,ASHFO_eb1dc306bae5,1bc3690a84f3,ASHFO_273
England,E12000008,E07000105,Ashford,ASHFO_c1929718fd8b,2053b0eacca0,ASHFO_274
England,E12000008,E07000105,Ashford,ASHFO_8c8bfed945d2,d7c0fcb4c542,ASHFO_275
England,E12000008,E07000105,Ashford,ASHFO_efe23c0588a0,b566e845e3d2,ASHFO_276
England,E12000008,E07000105,Ashford,ASHFO_4755e4212f2e,02c2a073ac5f,ASHFO_277
England,E12000008,E07000105,Ashford,ASHFO_b86fbe58026c,51c5f3d7f9b1,ASHFO_278
England,E12000008,E07000105,Ashford,ASHFO_1cf2251df20c,0e8af96b8a71,ASHFO_279
England,E12000008,E07000105,Ashford,ASHFO_1714b4428ff0,d73bbc56d1ea,ASHFO_280
England,E12000008,E07000105,Ashford,ASHFO_54b6c8931cb3,0e2166ae81de,ASHFO_281
England,E12000008,E07000105,Ashford,ASHFO_c323776e1ccc,3a5ba33a2cb1,ASHFO_282
England,E12000008,E07000105,Ashford,ASHFO_1de577ae8454,3a09bb72f222,ASHFO_283
England,E12000008,E07000105,Ashford,ASHFO_a11b8d31b9b9,16b2fdb16888,ASHFO_284
England,E12000008,E07000105,Ashford,ASHFO_df73397b02c7,44f3f550345c,ASHFO_285
England,E12000008,E07000105,Ashford,ASHFO_92f329c4ffca,ac4aee056ea0,ASHFO_286
England,E12000008,E07000105,Ashford,ASHFO_f1b38f6c8604,908bf5ce9235,ASHFO_287
England,E12000008,E07000105,Ashford,ASHFO_f67e26e1459f,a3410f6a3811,ASHFO_288
England,E12000008,E07000105,Ashford,ASHFO_870085b036e1,fb40da8a20c8,ASHFO_289
England,E12000008,E07000105,Ashford,ASHFO_419a8bcc5189,ea8d20fd5dc2,ASHFO_290
England,E12000008,E07000105,Ashford,ASHFO_b89771fb197a,a98b186ffc42,ASHFO_291
England,E12000008,E07000105,Ashford,ASHFO_aad532faf3f2,f0caff0ebc5d,ASHFO_292
England,E12000008,E07000105,Ashford,ASHFO_a4737392f12c,486bbe08d9d2,ASHFO_293
England,E12000008,E07000105,Ashford,ASHFO_883135d8b875,e3490af5ccc5,ASHFO_294
England,E12000008,E07000105,Ashford,ASHFO_4af2b038d1c6,6fd7d5093ce0,ASHFO_295
England,E12000008,E07000105,Ashford,ASHFO_6ca10bba808a,6f75bbdeb484,ASHFO_296
England,E12000008,E07000105,Ashford,ASHFO_a05609b5f971,ca2183e0aa00,ASHFO_297
England,E12000008,E07000105,Ashford,ASHFO_7fce08fe5aa7,32d9d14aa4d7,ASHFO_298
England,E12000008,E07000105,Ashford,ASHFO_f196da61747e,cc6e30c453f0,ASHFO_299
England,E12000008,E07000105,Ashford,ASHFO_c8892afd74a4,bee23b8f6ab3,ASHFO_300
England,E12000008,E07000105,Ashford,ASHFO_1ec2994fa20c,1afeea06a8bb,ASHFO_301
England,E12000008,E07000105,Ashford,ASHFO_064b0b2871b6,f201f9230af2,ASHFO_302
England,E12000008,E07000105,Ashford,ASHFO_d0f2d4901479,5737cdc8c9a3,ASHFO_303
England,E12000008,E07000105,Ashford,ASHFO_2b4d22452aab,40214481bd28,ASHFO_304
England,E12000008,E07000105,Ashford,ASHFO_4d79af282ba1,93fa59178d28,ASHFO_305
England,E12000008,E07000105,Ashford,ASHFO_914437b123ef,daaf29de428e,ASHFO_306
England,E12000008,E07000105,Ashford,ASHFO_85cbe1128696,112b6042d482,ASHFO_307
England,E12000008,E07000105,Ashford,ASHFO_7f456dd07945,bf815b636be6,ASHFO_308
England,E12000008,E07000105,Ashford,ASHFO_d41252e6cbbd,0025060e3357,ASHFO_309
England,E12000008,E07000105,Ashford,ASHFO_2be9f20955b8,9e9922e188e8,ASHFO_310
England,E12000008,E07000105,Ashford,ASHFO_86af897407cf,7c0857143da6,ASHFO_311
England,E12000008,E07000105,Ashford,ASHFO_1df63fe32d23,a3cd01d2d818,ASHFO_312
England,E12000008,E07000105,Ashford,ASHFO_e8d12856341e,d60ff6013efc,ASHFO_313
England,E12000008,E07000105,Ashford,ASHFO_9aec7b49615c,dd74e7b29a8f,ASHFO_314
England,E12000008,E07000105,Ashford,ASHFO_7a716bf0b636,bd8301ad255b,ASHFO_315
England,E12000008,E07000105,Ashford,ASHFO_adcbb71afda0,8f57dd73da19,ASHFO_316
England,E12000008,E07000105,Ashford,ASHFO_b3214581f0d7,0cd2dc0e953e,ASHFO_317
England,E12000008,E07000105,Ashford,ASHFO_38f96585a85f,4719d16d7c30,ASHFO_318
England,E12000008,E07000105,Ashford,ASHFO_20b8400b2955,4fb9cb6cc951,ASHFO_319
England,E12000008,E07000105,Ashford,ASHFO_66ca3a50db15,1fe7340ef024,ASHFO_320
England,E12000008,E07000105,Ashford,ASHFO_3c7f5500a77d,5e58511b5069,ASHFO_321
England,E12000008,E07000105,Ashford,ASHFO_e6ba69099b53,869e486c35bc,ASHFO_322
England,E12000008,E07000105,Ashford,ASHFO_f40f964d17c6,717657d30571,ASHFO_323
England,E12000008,E07000105,Ashford,ASHFO_b816122020a7,0c0170fca890,ASHFO_324
England,E12000008,E07000105,Ashford,ASHFO_7140de94b241,9559c2bfb96c,ASHFO_325
England,E12000008,E07000105,Ashford,ASHFO_8bdc6f9bc4a0,431dba1bc258,ASHFO_326
England,E12000008,E07000105,Ashford,ASHFO_4924b3775eb7,e32205350ee8,ASHFO_327
England,E12000008,E07000105,Ashford,ASHFO_00abca82b8ba,eefcd26664b1,ASHFO_328
England,E12000008,E07000105,Ashford,ASHFO_0e1696471517,54609357d530,ASHFO_329
England,E12000008,E07000105,Ashford,ASHFO_8a1edb96062c,10ffc661b4de,ASHFO_330
England,E12000008,E07000105,Ashford,ASHFO_e7d7a70c9277,32099de24696,ASHFO_331
England,E12000008,E07000105,Ashford,ASHFO_faa778ec9e18,5691dfec03a5,ASHFO_332
England,E12000008,E07000105,Ashford,ASHFO_ad6129e95f7a,36745e548933,ASHFO_333
England,E12000008,E07000105,Ashford,ASHFO_c043ede782bb,a89f7d0edc7d,ASHFO_334
England,E12000008,E07000105,Ashford,ASHFO_03515aad3c22,acfb88f01a32,ASHFO_335
England,E12000008,E07000105,Ashford,ASHFO_5187cc7bac05,737071b0a551,ASHFO_336
England,E12000008,E07000105,Ashford,ASHFO_1af244431eb2,4e4240b4c9a1,ASHFO_337
England,E12000008,E07000105,Ashford,ASHFO_4441aa7fbb82,6b4604a1486e,ASHFO_338
England,E12000008,E07000105,Ashford,ASHFO_23c73f1c146a,69165e20bf5c,ASHFO_339
England,E12000008,E07000105,Ashford,ASHFO_2a6ae9bb85d5,36b20f42fe94,ASHFO_340
England,E12000008,E07000105,Ashford,ASHFO_ea5b31e0cf6b,52728e96e815,ASHFO_341
England,E12000008,E07000105,Ashford,ASHFO_778c8bf3b1c5,491819dab1a9,ASHFO_342
England,E12000008,E07000105,Ashford,ASHFO_1b65321e06e3,5c4cbac63269,ASHFO_343
England,E12000008,E07000105,Ashford,ASHFO_73dc3b4bd2c5,3689e25c2cd2,ASHFO_344
England,E12000008,E07000105,Ashford,ASHFO_aeb7c5c904a4,7a5687ff73ab,ASHFO_345
England,E12000008,E07000105,Ashford,ASHFO_7310545ce4a5,14afd57208db,ASHFO_346
England,E12000008,E07000105,Ashford,ASHFO_1782a893ffda,8c9907cddaa0,ASHFO_347
England,E12000008,E07000105,Ashford,ASHFO_c08a9a1b52ba,4ad9268acfe3,ASHFO_348
England,E12000008,E07000105,Ashford,ASHFO_6bfa9b19e29c,b449e1c220bb,ASHFO_349
England,E12000008,E07000105,Ashford,ASHFO_b562181f5eef,356fe2758de8,ASHFO_350
England,E12000008,E07000105,Ashford,ASHFO_d7996e6505e3,ccdf7d2da198,ASHFO_351
England,E12000008,E07000105,Ashford,ASHFO_2a36b2a712c4,d8f09cb3ea76,ASHFO_352
England,E12000008,E07000105,Ashford,ASHFO_23f5bc92f40a,d973f5282a48,ASHFO_353
England,E12000008,E07000105,Ashford,ASHFO_b46e75dc7da3,eccdf688d546,ASHFO_354
England,E12000008,E07000105,Ashford,ASHFO_d1b51d524b83,82d3159a6965,ASHFO_355
England,E12000008,E07000105,Ashford,ASHFO_d9d686b7ba60,6cefab9d41f9,ASHFO_356
England,E12000008,E07000105,Ashford,ASHFO_627b92d7c1a0,9ee229e154eb,ASHFO_357
England,E12000008,E07000105,Ashford,ASHFO_df7eadecdfd9,e5171aa4b4a1,ASHFO_358
England,E12000008,E07000105,Ashford,ASHFO_765f9feed59b,705a6db07fe8,ASHFO_359
England,E12000008,E07000105,Ashford,ASHFO_3b3b8ff1c689,42736824ae18,ASHFO_360
England,E12000008,E07000105,Ashford,ASHFO_f69eae02f954,80a60dad8155,ASHFO_361
England,E12000008,E07000105,Ashford,ASHFO_a95ff63a9563,6ee8cc34acf9,ASHFO_362
England,E12000008,E07000105,Ashford,ASHFO_491eefb6512f,21141fcdea22,ASHFO_363
England,E12000008,E07000105,Ashford,ASHFO_471c725bc438,8669d93843d6,ASHFO_364
England,E12000008,E07000105,Ashford,ASHFO_2b2ea3068f40,bdd68e5ec5b4,ASHFO_365
England,E12000008,E07000105,Ashford,ASHFO_a0ab565bb47d,929ca434e8a7,ASHFO_366
England,E12000008,E07000105,Ashford,ASHFO_2d82c259f2e7,290bee0ffae0,ASHFO_367
England,E12000008,E07000105,Ashford,ASHFO_ef2a19008c8b,1e846f111c5b,ASHFO_368
England,E12000008,E07000105,Ashford,ASHFO_4032ef96c953,156b72329d13,ASHFO_369
England,E12000008,E07000105,Ashford,ASHFO_d9239bd6d8ce,63479dad00dd,ASHFO_370
England,E12000008,E07000105,Ashford,ASHFO_4435e5cfeff8,f5cf78fddae7,ASHFO_371
England,E12000008,E07000105,Ashford,ASHFO_34b412741952,e37ff8659b9e,ASHFO_372
England,E12000008,E07000105,Ashford,ASHFO_1529b9185d69,3882aace51d0,ASHFO_373
England,E12000008,E07000105,Ashford,ASHFO_7f613bdaade5,f4d0c7c49715,ASHFO_374
England,E12000008,E07000105,Ashford,ASHFO_dd75b8cdb0b6,1d5b038c59f6,ASHFO_375
England,E12000008,E07000105,Ashford,ASHFO_19cea16092bc,04bc2396af0c,ASHFO_376
England,E12000008,E07000105,Ashford,ASHFO_192ecd9ee3f8,104302074a83,ASHFO_377
England,E12000008,E07000105,Ashford,ASHFO_17b729e5c66a,06663455a7d9,ASHFO_378
England,E12000008,E07000105,Ashford,ASHFO_50d2615a2c59,3af0808d32db,ASHFO_379
England,E12000008,E07000105,Ashford,ASHFO_535c452fa70f,3f6cf579aa7d,ASHFO_380
England,E12000008,E07000105,Ashford,ASHFO_1d50223e03d1,51c69f2f12bd,ASHFO_381
England,E12000008,E07000105,Ashford,ASHFO_97221b390e8b,a6f441ed1bf2,ASHFO_382
England,E12000008,E07000105,Ashford,ASHFO_bbde62539f86,157a13d93ab0,ASHFO_383
England,E12000008,E07000105,Ashford,ASHFO_d73c6aeea074,95f502a9917b,ASHFO_384
England,E12000008,E07000105,Ashford,ASHFO_d9fbec3e5d23,0aec0c743542,ASHFO_385
England,E12000008,E07000105,Ashford,ASHFO_b23ba401b5fd,324efda613fa,ASHFO_386
England,E12000008,E07000105,Ashford,ASHFO_63ccef3ff589,de5c586ad497,ASHFO_387
England,E12000008,E07000105,Ashford,ASHFO_c9c0c13ee9db,bdc397c24752,ASHFO_388
England,E12000008,E07000105,Ashford,ASHFO_00ae1ac5e6bb,cf777f6fd9b6,ASHFO_389
England,E12000008,E07000105,Ashford,ASHFO_2f0a1dbaf6eb,64b45c992167,ASHFO_390
England,E12000008,E07000105,Ashford,ASHFO_23b7853c92b8,f0b0689bd8ee,ASHFO_391
England,E12000008,E07000105,Ashford,ASHFO_108961bceaa1,7824a7b6a184,ASHFO_392
England,E12000008,E07000105,Ashford,ASHFO_67045280e513,e03e0cf052ff,ASHFO_393
England,E12000008,E07000105,Ashford,ASHFO_add5408db89e,1f37b4a517ef,ASHFO_394
England,E12000008,E07000105,Ashford,ASHFO_9b805829fb21,8fff1505d1b8,ASHFO_395
England,E12000008,E07000105,Ashford,ASHFO_88375cacd2e7,9cc77dfe39bd,ASHFO_396
England,E12000008,E07000105,Ashford,ASHFO_51658c1879fd,e12629aca0ca,ASHFO_397
England,E12000008,E07000105,Ashford,ASHFO_d0998d4a674a,96b840d87f79,ASHFO_398
England,E12000008,E07000105,Ashford,ASHFO_e6102af9df0b,d42f1e02ccf0,ASHFO_399
England,E12000008,E07000105,Ashford,ASHFO_7f3914e515b7,b5e4814798b0,ASHFO_400
England,E12000008,E07000105,Ashford,ASHFO_6b9d19129dbc,d39e51712bae,ASHFO_401
England,E12000008,E07000105,Ashford,ASHFO_ef0af81c91b2,7c232a3e9e02,ASHFO_402
England,E12000008,E07000105,Ashford,ASHFO_305917608d0f,61ecf53c8e44,ASHFO_403
England,E12000008,E07000105,Ashford,ASHFO_2a7ed5cf6ae7,4909734c3cd7,ASHFO_404
England,E12000008,E07000105,Ashford,ASHFO_447ce920be12,0b797ab57b95,ASHFO_405
England,E12000008,E07000105,Ashford,ASHFO_504c11892b93,249f16c49cf2,ASHFO_406
England,E12000008,E07000105,Ashford,ASHFO_816e1f16ff48,18894a00db22,ASHFO_407
England,E12000008,E07000105,Ashford,ASHFO_dd9ba9044434,ab6520f84d05,ASHFO_408
England,E12000008,E07000105,Ashford,ASHFO_00bf6004a522,171cef2db24d,ASHFO_409
England,E12000008,E07000105,Ashford,ASHFO_041da22c2d9a,4439ed663b6f,ASHFO_410
England,E12000008,E07000105,Ashford,ASHFO_ff3f8c04a0f6,83d6a48c267c,ASHFO_411
England,E12000008,E07000105,Ashford,ASHFO_a2453a70dfc1,2efa7d811a77,ASHFO_412
England,E12000008,E07000105,Ashford,ASHFO_8c3a7963ae0d,0b482b122b4e,ASHFO_413
England,E12000008,E07000105,Ashford,ASHFO_67d1ce342d1e,bac3bf54345f,ASHFO_414
England,E12000008,E07000105,Ashford,ASHFO_44d1008e9ae7,5a2b0c9e6062,ASHFO_415
England,E12000008,E07000105,Ashford,ASHFO_22e705d25f5b,24945fc132e3,ASHFO_416
England,E12000008,E07000105,Ashford,ASHFO_7ca3b36aa780,8bf214d1cd30,ASHFO_417
England,E12000008,E07000105,Ashford,ASHFO_9cd281409848,85359ff163da,ASHFO_418
England,E12000008,E07000105,Ashford,ASHFO_0a15f6335f11,99918fb071cf,ASHFO_419
England,E12000008,E07000105,Ashford,ASHFO_76b81f4886af,f00d9f64f639,ASHFO_420
England,E12000008,E07000105,Ashford,ASHFO_cb5b48da9e55,0749da4afd02,ASHFO_421
England,E12000008,E07000105,Ashford,ASHFO_fb6474cfdf12,bec7ff13766f,ASHFO_422
England,E12000008,E07000105,Ashford,ASHFO_5fbd2ee6cae5,9fe5f5bd4257,ASHFO_423
England,E12000008,E07000105,Ashford,ASHFO_e3d87a8cd0ae,84c56f6d0a08,ASHFO_424
England,E12000008,E07000105,Ashford,ASHFO_2db9c5fcb8a2,8b7943ee233a,ASHFO_425
England,E12000008,E07000105,Ashford,ASHFO_1f64ce95ed57,0677051e4b71,ASHFO_426
England,E12000008,E07000105,Ashford,ASHFO_3c53c7c5a2fc,19a2f1ea7ca2,ASHFO_427
England,E12000008,E07000105,Ashford,ASHFO_79eacc1464e9,5f1690c9b0ab,ASHFO_428
England,E12000008,E07000105,Ashford,ASHFO_52745717dc72,35d3aa30d07b,ASHFO_429
England,E12000008,E07000105,Ashford,ASHFO_09c2349c9459,4c1eab8de3ea,ASHFO_430
England,E12000008,E07000105,Ashford,ASHFO_f75270da049b,5a45f4c3f5f0,ASHFO_431
England,E12000008,E07000105,Ashford,ASHFO_7508aa825024,5b2ddad61166,ASHFO_432
England,E12000008,E07000105,Ashford,ASHFO_3987e7d2c239,174e4834b219,ASHFO_433
England,E12000008,E07000105,Ashford,ASHFO_cd79d60c7591,93335d88693c,ASHFO_434
England,E12000008,E07000105,Ashford,ASHFO_d57db5f25c86,576c03db9a91,ASHFO_435
England,E12000008,E07000105,Ashford,ASHFO_79fb1392391f,05932c6427e6,ASHFO_436
England,E12000008,E07000105,Ashford,ASHFO_82171092e861,252e2e4efced,ASHFO_437
England,E12000008,E07000105,Ashford,ASHFO_4a8b0722e61e,ca50c2eff96c,ASHFO_438
England,E12000008,E07000105,Ashford,ASHFO_c4ea5d94f129,b66f2ca448ce,ASHFO_439
England,E12000008,E07000105,Ashford,ASHFO_10bb709a0f18,6868f716bfc8,ASHFO_440
England,E12000008,E07000105,Ashford,ASHFO_a522c2770d17,52df2ca60ccb,ASHFO_441
England,E12000008,E07000105,Ashford,ASHFO_a94ce5c11425,5cfe40548632,ASHFO_442
England,E12000008,E07000105,Ashford,ASHFO_6f7ed614ce4d,41cfb101af07,ASHFO_443
England,E12000008,E07000105,Ashford,ASHFO_0996ff22d3d1,2710ac38a6e7,ASHFO_444
England,E12000008,E07000105,Ashford,ASHFO_b77886092743,99f27302575b,ASHFO_445
England,E12000008,E07000105,Ashford,ASHFO_aa1c3ea0b845,c95a40fe8965,ASHFO_446
England,E12000008,E07000105,Ashford,ASHFO_2411842c5fc7,63d6fe23facd,ASHFO_447
England,E12000008,E07000105,Ashford,ASHFO_57f1fbeb7501,49eb64f9321b,ASHFO_448
England,E12000008,E07000105,Ashford,ASHFO_f4e314bec7cd,4c5b2a1bce96,ASHFO_449
England,E12000008,E07000105,Ashford,ASHFO_8ee82496b445,1a68a067d53a,ASHFO_450
England,E12000008,E07000105,Ashford,ASHFO_934bc9906038,68d013baa844,ASHFO_451
England,E12000008,E07000105,Ashford,ASHFO_1d3b535376d7,4850cf739145,ASHFO_452
England,E12000008,E07000105,Ashford,ASHFO_09a2843025d5,d717c99b8535,ASHFO_453
England,E12000008,E07000105,Ashford,ASHFO_c9222f57dc73,ca509d1a1eb2,ASHFO_454
England,E12000008,E07000105,Ashford,ASHFO_bca321ca109d,16ad41e4b161,ASHFO_455
England,E12000008,E07000105,Ashford,ASHFO_385616c67655,80b64195dcf9,ASHFO_456
England,E12000008,E07000105,Ashford,ASHFO_a0fc64e186ac,5689d481547f,ASHFO_457
England,E12000008,E07000105,Ashford,ASHFO_ceb5f51fb1d4,c50f6ef492f5,ASHFO_458
England,E12000008,E07000105,Ashford,ASHFO_5a6627ce53bf,dad67f0d6e8f,ASHFO_459
England,E12000008,E07000105,Ashford,ASHFO_fd6bff03f71d,ec5114872568,ASHFO_460
England,E12000008,E07000105,Ashford,ASHFO_826bf3bec73d,6f7b50b7f415,ASHFO_461
England,E12000008,E07000105,Ashford,ASHFO_d77f65b946d6,0841d84df3bb,ASHFO_462
England,E12000008,E07000105,Ashford,ASHFO_2587ac768cd7,bb634a7c7f28,ASHFO_463
England,E12000008,E07000105,Ashford,ASHFO_491a098ad975,4c31c002092b,ASHFO_464
England,E12000008,E07000105,Ashford,ASHFO_f456a80432fd,78f2b0a55e7d,ASHFO_465
England,E12000008,E07000105,Ashford,ASHFO_587e13247beb,08f1222f5a6f,ASHFO_466
England,E12000008,E07000105,Ashford,ASHFO_130f5ec6332e,91bb712a87d4,ASHFO_467
England,E12000008,E07000105,Ashford,ASHFO_80320ad2601b,f64468605d04,ASHFO_468
England,E12000008,E07000105,Ashford,ASHFO_4eb7efe76b53,afec257f89bd,ASHFO_469
England,E12000008,E07000105,Ashford,ASHFO_7270cd742f09,6fec879a80e6,ASHFO_470
England,E12000008,E07000105,Ashford,ASHFO_e772ed737fa7,a5ca7273a7a9,ASHFO_471
England,E12000008,E07000105,Ashford,ASHFO_c2a4d6a59e10,40fd0d30e35c,ASHFO_472
England,E12000008,E07000105,Ashford,ASHFO_e3047f240a1a,15f7539decad,ASHFO_473
England,E12000008,E07000105,Ashford,ASHFO_1917a068344c,791114e8ddb9,ASHFO_474
England,E12000008,E07000105,Ashford,ASHFO_0a4bb09d21d8,0037fd39c8cd,ASHFO_475
England,E12000008,E07000105,Ashford,ASHFO_e745cca81ca0,395e6b5ad73a,ASHFO_476
England,E12000008,E07000105,Ashford,ASHFO_652a58e24023,c6d64985a027,ASHFO_477
England,E12000008,E07000105,Ashford,ASHFO_c16f46455d87,2915048e1ee5,ASHFO_478
England,E12000008,E07000105,Ashford,ASHFO_e6d12f712cc5,4e5b92c92039,ASHFO_479
England,E12000008,E07000105,Ashford,ASHFO_c4d69e2327dd,e41a65c57651,ASHFO_480
England,E12000008,E07000105,Ashford,ASHFO_7156baf9a1c4,5d0020334fd1,ASHFO_481
England,E12000008,E07000105,Ashford,ASHFO_6a832a31984a,c890dae3af59,ASHFO_482
England,E12000008,E07000105,Ashford,ASHFO_b7606ed50849,3656d679164d,ASHFO_483
England,E12000008,E07000105,Ashford,ASHFO_004c86b160de,305deee19769,ASHFO_484
England,E12000008,E07000105,Ashford,ASHFO_7b90bbb2d66a,8a1099ffc884,ASHFO_485
England,E12000008,E07000105,Ashford,ASHFO_97fc37fd2553,7bea56a2840a,ASHFO_486
England,E12000008,E07000105,Ashford,ASHFO_e6b50a2bcd08,a3193926f409,ASHFO_487
England,E12000008,E07000105,Ashford,ASHFO_0b35f58fe371,1d4e497a1d96,ASHFO_488
England,E12000008,E07000105,Ashford,ASHFO_c50a56665024,15ed198a4811,ASHFO_489
England,E12000008,E07000105,Ashford,ASHFO_7cca1694f402,25ad982ce1a9,ASHFO_490
England,E12000008,E07000105,Ashford,ASHFO_2e21b4417bef,cd40fbfc31ff,ASHFO_491
England,E12000008,E07000105,Ashford,ASHFO_f92dfd4afd5a,7015ee9289a9,ASHFO_492
England,E12000008,E07000105,Ashford,ASHFO_7147f484139c,875ced9ec0f7,ASHFO_493
England,E12000008,E07000105,Ashford,ASHFO_635516e93ee4,1c1e7c984463,ASHFO_494
England,E12000008,E07000105,Ashford,ASHFO_f39be9a70bf5,c335a8de4e6c,ASHFO_495
England,E12000008,E07000105,Ashford,ASHFO_f8d947584a76,e987ff53d63e,ASHFO_496
England,E12000008,E07000105,Ashford,ASHFO_d5b6fb4d6244,1fc256e0b507,ASHFO_497
England,E12000008,E07000105,Ashford,ASHFO_6ffb7085cd8a,8d840838480f,ASHFO_498
England,E12000008,E07000105,Ashford,ASHFO_a5b41db02984,38ad4536e1c0,ASHFO_499
England,E12000008,E07000105,Ashford,ASHFO_506a0788c3dc,0247255abc5f,ASHFO_500
England,E12000008,E07000105,Ashford,ASHFO_05d4940d7e66,3f6a1aeb9e7e,ASHFO_501
England,E12000008,E07000105,Ashford,ASHFO_8e8d30eeb453,0eadfea5892e,ASHFO_502
England,E12000008,E07000105,Ashford,ASHFO_2bd4a5e7bd79,4c7611a43216,ASHFO_503
England,E12000008,E07000105,Ashford,ASHFO_780e1a3ba4f4,b47a399751aa,ASHFO_504
England,E12000008,E07000105,Ashford,ASHFO_bec46b290abe,e37c5a9033c6,ASHFO_505
England,E12000008,E07000105,Ashford,ASHFO_1060099c105a,03c4747bc3cc,ASHFO_506
England,E12000008,E07000105,Ashford,ASHFO_c7e77d4c3337,929ccc0a7457,ASHFO_507
England,E12000008,E07000105,Ashford,ASHFO_c1e64d7eb363,52883e2b0d55,ASHFO_508
England,E12000008,E07000105,Ashford,ASHFO_8f5b7600b770,ae3a87be924c,ASHFO_509
England,E12000008,E07000105,Ashford,ASHFO_402bc90bb7c2,8ad6ca81abb3,ASHFO_510
England,E12000008,E07000105,Ashford,ASHFO_54367f377a7b,9a10146de699,ASHFO_511
England,E12000008,E07000105,Ashford,ASHFO_4535d990b1ef,bb67175e4a0e,ASHFO_512
England,E12000008,E07000105,Ashford,ASHFO_98526f25607f,8967e9ca15b0,ASHFO_513
England,E12000008,E07000105,Ashford,ASHFO_f0d3ed64554d,452c5db94c3a,ASHFO_514
England,E12000008,E07000105,Ashford,ASHFO_fc35a3513940,e395b81742a5,ASHFO_515
England,E12000008,E07000105,Ashford,ASHFO_1a32a9ff4ff4,cc07cf4f3827,ASHFO_516
England,E12000008,E07000105,Ashford,ASHFO_738b7d1ef767,594ef5ebf249,ASHFO_517
England,E12000008,E07000105,Ashford,ASHFO_b1fc835b2f18,2724ed22e6eb,ASHFO_518
England,E12000008,E07000105,Ashford,ASHFO_6505d66a607b,6950aba2c2c2,ASHFO_519
England,E12000008,E07000105,Ashford,ASHFO_9934b3f20c15,2dc1743c3b62,ASHFO_520
England,E12000008,E07000105,Ashford,ASHFO_dd39d834fcbd,db34c9c78523,ASHFO_521
England,E12000008,E07000105,Ashford,ASHFO_9739336b4ea9,6a241f838ded,ASHFO_522
England,E12000008,E07000105,Ashford,ASHFO_54d1b43bd675,b983df251b18,ASHFO_523
England,E12000008,E07000105,Ashford,ASHFO_125973098646,078767bf5ad0,ASHFO_524
England,E12000008,E07000105,Ashford,ASHFO_0b5afd0d31b2,b354d2e65a85,ASHFO_525
England,E12000008,E07000105,Ashford,ASHFO_6f5745142c0a,d2c3fc6097fb,ASHFO_526
England,E12000008,E07000105,Ashford,ASHFO_196e2bac943f,67b3f52b2858,ASHFO_527
England,E12000008,E07000105,Ashford,ASHFO_8bfeb1f0c164,cdf307ba6bae,ASHFO_528
England,E12000008,E07000105,Ashford,ASHFO_4428fb467baf,09603a4c1de0,ASHFO_529
England,E12000008,E07000105,Ashford,ASHFO_8bbb472afa45,be2f8481cec9,ASHFO_530
England,E12000008,E07000105,Ashford,ASHFO_d92fbb58f27d,517afef4ff26,ASHFO_531
England,E12000008,E07000105,Ashford,ASHFO_af7abe67f4f4,7b2e5bd89cc5,ASHFO_532
England,E12000008,E07000105,Ashford,ASHFO_6e2950044e8c,81ff93cfb852,ASHFO_533
England,E12000008,E07000105,Ashford,ASHFO_dbff423089a5,ccd0df890448,ASHFO_534
England,E12000008,E07000105,Ashford,ASHFO_fd214113acbe,1717cf57cd05,ASHFO_535
England,E12000008,E07000105,Ashford,ASHFO_02b98222aff6,a1254f1619b3,ASHFO_536
England,E12000008,E07000105,Ashford,ASHFO_5de683f13295,182fc2bc11d2,ASHFO_537
England,E12000008,E07000105,Ashford,ASHFO_f5fa0063ca95,2ab9020015bf,ASHFO_538
England,E12000008,E07000105,Ashford,ASHFO_ab4ab5025639,b57d1f1d1aff,ASHFO_539
England,E12000008,E07000105,Ashford,ASHFO_69dde392b5c2,a03c39ff0fb4,ASHFO_540
England,E12000008,E07000105,Ashford,ASHFO_39163be0a659,b2a458b0c59e,ASHFO_541
England,E12000008,E07000105,Ashford,ASHFO_62e46de24197,a463b268041d,ASHFO_542
England,E12000008,E07000105,Ashford,ASHFO_f19c99293a9d,fef68811cc07,ASHFO_543
England,E12000008,E07000105,Ashford,ASHFO_49ca91bdf3d0,f3166693f7f5,ASHFO_544
England,E12000008,E07000105,Ashford,ASHFO_39784286f68f,9e0257e18876,ASHFO_545
England,E12000008,E07000105,Ashford,ASHFO_cfd79755381a,2ec3e5ae6487,ASHFO_546
England,E12000008,E07000105,Ashford,ASHFO_d0bc9ce8839c,b223a8629095,ASHFO_547
England,E12000008,E07000105,Ashford,ASHFO_91ea3f4e9b50,b6dc7c3a30d0,ASHFO_548
England,E12000008,E07000105,Ashford,ASHFO_39f5cda1cd26,b39b117e8a14,ASHFO_549
England,E12000008,E07000105,Ashford,ASHFO_3dd0b7516b6f,315b3dca7418,ASHFO_550
England,E12000008,E07000105,Ashford,ASHFO_33d697b4df3c,04f1e25489d5,ASHFO_551
England,E12000008,E07000105,Ashford,ASHFO_cc08f113996d,66d1cee70849,ASHFO_552
England,E12000008,E07000105,Ashford,ASHFO_0c48f66bdc24,ed8aa9d6a117,ASHFO_553
England,E12000008,E07000105,Ashford,ASHFO_533d164f220f,67dc719b5ed8,ASHFO_554
England,E12000008,E07000105,Ashford,ASHFO_61f2cf560b55,f61985d33dc3,ASHFO_555
England,E12000008,E07000105,Ashford,ASHFO_da7c776fce80,3e50d592cd8e,ASHFO_556
England,E12000008,E07000105,Ashford,ASHFO_d17eab649b24,328fb2fd516e,ASHFO_557
England,E12000008,E07000105,Ashford,ASHFO_deeb5e37b1a9,d6f08c4ac6ac,ASHFO_558
England,E12000008,E07000105,Ashford,ASHFO_ff11367cf37e,c80e4b7b20ad,ASHFO_559
England,E12000008,E07000105,Ashford,ASHFO_313490086027,5a228a954cf5,ASHFO_560
England,E12000008,E07000105,Ashford,ASHFO_39b13ea46957,665bbbac212b,ASHFO_561
England,E12000008,E07000105,Ashford,ASHFO_95b6d779dea1,77132603fbc4,ASHFO_562
England,E12000008,E07000105,Ashford,ASHFO_bb72ee3c30cc,790902bba159,ASHFO_563
England,E12000008,E07000105,Ashford,ASHFO_814cf4dd1aba,556ee60c256f,ASHFO_564
England,E12000008,E07000105,Ashford,ASHFO_c8819724f37d,40e4ff4702ad,ASHFO_565
England,E12000008,E07000105,Ashford,ASHFO_bddf0d130673,c70004b0142f,ASHFO_566
England,E12000008,E07000105,Ashford,ASHFO_39c8ec54c578,f59ce12484ea,ASHFO_567
England,E12000008,E07000105,Ashford,ASHFO_b8bce1fa6927,5e095c448b8b,ASHFO_568
England,E12000008,E07000105,Ashford,ASHFO_c97e42b0c845,208937b3825f,ASHFO_569
England,E12000008,E07000105,Ashford,ASHFO_73189e480457,3864c0d7a50a,ASHFO_570
England,E12000008,E07000105,Ashford,ASHFO_a0523138a19e,1d96b6b1d1ee,ASHFO_571
England,E12000008,E07000105,Ashford,ASHFO_2f726884cc03,5a9da2bcedc0,ASHFO_572
England,E12000008,E07000105,Ashford,ASHFO_ffd8905b05e9,179aa1db0b44,ASHFO_573
England,E12000008,E07000105,Ashford,ASHFO_bff7452aee0c,d0738d72ef62,ASHFO_574
England,E12000008,E07000105,Ashford,ASHFO_ed84beaf2c31,8f67b7b4882b,ASHFO_575
England,E12000008,E07000105,Ashford,ASHFO_881370be17cb,0909522e3a3c,ASHFO_576
England,E12000008,E07000105,Ashford,ASHFO_f45435be1ff7,1d247a4071b7,ASHFO_577
England,E12000008,E07000105,Ashford,ASHFO_e2ff8005ae02,7662e18deabb,ASHFO_578
England,E12000008,E07000105,Ashford,ASHFO_00a4d823588a,1b19b70e31e4,ASHFO_579
England,E12000008,E07000105,Ashford,ASHFO_09a611667726,91193eed69b2,ASHFO_580
England,E12000008,E07000105,Ashford,ASHFO_204b0380e6df,ee1e4111f2dc,ASHFO_581
England,E12000008,E07000105,Ashford,ASHFO_3295f2ba3162,e7add0491090,ASHFO_582
England,E12000008,E07000105,Ashford,ASHFO_db0997498835,2fdd1a104e1d,ASHFO_583
England,E12000008,E07000105,Ashford,ASHFO_33753d05bc00,89191ad6b738,ASHFO_584
England,E12000008,E07000105,Ashford,ASHFO_dc2b4ef88fb8,95fe04df431d,ASHFO_585
England,E12000008,E07000105,Ashford,ASHFO_4c669187d8a8,3ed1d236497f,ASHFO_586
England,E12000008,E07000105,Ashford,ASHFO_57a998448558,f9b75edc8f87,ASHFO_587
England,E12000008,E07000105,Ashford,ASHFO_5fd9fc46389a,a0876d14c4fd,ASHFO_588
England,E12000008,E07000105,Ashford,ASHFO_bc9a92a20815,b9f1aa43cf49,ASHFO_589
England,E12000008,E07000105,Ashford,ASHFO_474107f7774b,f8acceb19156,ASHFO_590
England,E12000008,E07000105,Ashford,ASHFO_30cdaefab216,2a8b9632d312,ASHFO_591
England,E12000008,E07000105,Ashford,ASHFO_b500323dd7f0,4bfdc22729b7,ASHFO_592
England,E12000008,E07000105,Ashford,ASHFO_999882048df2,91d51d0472c6,ASHFO_593
England,E12000008,E07000105,Ashford,ASHFO_7d247d1cf80e,7f9a36002bea,ASHFO_594
England,E12000008,E07000105,Ashford,ASHFO_fe0f7ce2287f,0b8783cd5b3c,ASHFO_595
England,E12000008,E07000105,Ashford,ASHFO_8a54639a5ca4,1e6fc3ec2177,ASHFO_596
England,E12000008,E07000105,Ashford,ASHFO_826c2e802215,5f96697440af,ASHFO_597
England,E12000008,E07000105,Ashford,ASHFO_a5fa180a096d,972290a3ce34,ASHFO_598
England,E12000008,E07000105,Ashford,ASHFO_499ff73ab1b0,c17d8e65c779,ASHFO_599
England,E12000008,E07000105,Ashford,ASHFO_890c484d248b,905a6e1aea79,ASHFO_600
England,E12000008,E07000105,Ashford,ASHFO_c696ea617b20,a76548bdec5b,ASHFO_601
England,E12000008,E07000105,Ashford,ASHFO_f09e96ba3004,c34ff545f46e,ASHFO_602
England,E12000008,E07000105,Ashford,ASHFO_4c2e97d3e033,ad871fea1297,ASHFO_603
England,E12000008,E07000105,Ashford,ASHFO_b27953518996,6aca74579afe,ASHFO_604
England,E12000008,E07000105,Ashford,ASHFO_5883b904686f,33f375bbec1b,ASHFO_605
England,E12000008,E07000105,Ashford,ASHFO_baed9fcdc67f,a622dc1e9565,ASHFO_606
England,E12000008,E07000105,Ashford,ASHFO_c6c9bc860389,e5c388296fe3,ASHFO_607
England,E12000008,E07000105,Ashford,ASHFO_a3be58e542ab,6674d46e1aef,ASHFO_608
England,E12000008,E07000105,Ashford,ASHFO_f6e28a9364d6,841505eb104f,ASHFO_609
England,E12000008,E07000105,Ashford,ASHFO_d744eaba2b97,0ba0a2684f44,ASHFO_610
England,E12000008,E07000105,Ashford,ASHFO_88e7b1a90248,9fb9f4d67dea,ASHFO_611
England,E12000008,E07000105,Ashford,ASHFO_510fc1ec59ba,6463ec578861,ASHFO_612
England,E12000008,E07000105,Ashford,ASHFO_a2717cd1dc7c,93004da1b3a2,ASHFO_613
England,E12000008,E07000105,Ashford,ASHFO_3fed8ad6e75a,ea9be7b277f4,ASHFO_614
England,E12000008,E07000105,Ashford,ASHFO_ea0ea6dcdee9,ffd14ee84df0,ASHFO_615
England,E12000008,E07000105,Ashford,ASHFO_d6e57d934153,a0bf9418cea2,ASHFO_616
England,E12000008,E07000105,Ashford,ASHFO_5a8e3c6b85b1,aea401edbd76,ASHFO_617
England,E12000008,E07000105,Ashford,ASHFO_28ddb0a2e666,f224be8b48b8,ASHFO_618
England,E12000008,E07000105,Ashford,ASHFO_7e524e27511f,770c11d01eff,ASHFO_619
England,E12000008,E07000105,Ashford,ASHFO_56a029b46341,77b6db89d42d,ASHFO_620
England,E12000008,E07000105,Ashford,ASHFO_0b8bab6cb33f,c4a0ad252d30,ASHFO_621
England,E12000008,E07000105,Ashford,ASHFO_dd359df84029,a0226b67a84a,ASHFO_622
England,E12000008,E07000105,Ashford,ASHFO_d7b9674605e9,a41d7f97f02d,ASHFO_623
England,E12000008,E07000105,Ashford,ASHFO_15946c5450eb,a2621d78a115,ASHFO_624
England,E12000008,E07000105,Ashford,ASHFO_223ad954e422,5b3600eaa3e1,ASHFO_625
England,E12000008,E07000105,Ashford,ASHFO_c1ecc7b3e16a,de5cc5aaa46f,ASHFO_626
England,E12000008,E07000105,Ashford,ASHFO_60a1bb1d33c3,4622e1dcc670,ASHFO_627
England,E12000008,E07000105,Ashford,ASHFO_9a735e100c49,386d070dd804,ASHFO_628
England,E12000008,E07000105,Ashford,ASHFO_b84a76f94f1c,0cc1d1aa8558,ASHFO_629
England,E12000008,E07000105,Ashford,ASHFO_3e64738e0469,6bfcd93b12df,ASHFO_630
England,E12000008,E07000105,Ashford,ASHFO_6a5bb57f2483,42922ed2bb5c,ASHFO_631
England,E12000008,E07000105,Ashford,ASHFO_ea358c2dd559,41903f456d43,ASHFO_632
England,E12000008,E07000105,Ashford,ASHFO_b8f5e969b69f,a6790fcbc672,ASHFO_633
England,E12000008,E07000105,Ashford,ASHFO_6d4f0b7c41d8,3ff1b3d60018,ASHFO_634
England,E12000008,E07000105,Ashford,ASHFO_5b79099518b8,a8140c81d61f,ASHFO_635
England,E12000008,E07000105,Ashford,ASHFO_5da20d3f6558,54c98f6f7eba,ASHFO_636
England,E12000008,E07000105,Ashford,ASHFO_883ebbbee8a9,add179c251f2,ASHFO_637
England,E12000008,E07000105,Ashford,ASHFO_b00d1dfd07bc,07fd6978b7e8,ASHFO_638
England,E12000008,E07000105,Ashford,ASHFO_5973bcaceef4,05f705534ae0,ASHFO_639
England,E12000008,E07000105,Ashford,ASHFO_fe5557dc18bf,929e2ea47638,ASHFO_640
England,E12000008,E07000105,Ashford,ASHFO_0df92218acdf,f5c9c10e5bcc,ASHFO_641
England,E12000008,E07000105,Ashford,ASHFO_e4a1f686190d,a9d655aa2bb3,ASHFO_642
England,E12000008,E07000105,Ashford,ASHFO_df543fdc9bbc,e6220136f125,ASHFO_643
England,E12000008,E07000105,Ashford,ASHFO_a44729ce62fe,e9eab64c5262,ASHFO_644
England,E12000008,E07000105,Ashford,ASHFO_68a5fb0f96ab,6f0b6fe2e384,ASHFO_645
England,E12000008,E07000105,Ashford,ASHFO_0f47a712fc0b,f79fc002f063,ASHFO_646
England,E12000008,E07000105,Ashford,ASHFO_dd45d8a34e50,8e797fffbdc6,ASHFO_647
England,E12000008,E07000105,Ashford,ASHFO_e76f35bf29de,4533f03f234b,ASHFO_648
England,E12000008,E07000105,Ashford,ASHFO_7778e06302ac,4edfdf516794,ASHFO_649
England,E12000008,E07000105,Ashford,ASHFO_8abd81925b78,d905c19231d0,ASHFO_650
England,E12000008,E07000105,Ashford,ASHFO_abd937b17701,4aa4aa4b48d1,ASHFO_651
England,E12000008,E07000105,Ashford,ASHFO_8a37df1c25d9,85c422ba87fb,ASHFO_652
England,E12000008,E07000105,Ashford,ASHFO_bb95f0cc5f03,c4ebebcceb2b,ASHFO_653
England,E12000008,E07000105,Ashford,ASHFO_42b2713e94f7,c89e190fcb67,ASHFO_654
England,E12000008,E07000105,Ashford,ASHFO_d78f797ab891,ce2c568bcfa9,ASHFO_655
England,E12000008,E07000105,Ashford,ASHFO_e1ae2fc9680a,34e6bde0a993,ASHFO_656
England,E12000008,E07000105,Ashford,ASHFO_631f48e5aa27,a69a9ccea349,ASHFO_657
England,E12000008,E07000105,Ashford,ASHFO_9ddda187e997,42b8ec1f53b2,ASHFO_658
England,E12000008,E07000105,Ashford,ASHFO_195634885761,970b63732dfc,ASHFO_659
England,E12000008,E07000105,Ashford,ASHFO_cf16a4c3162b,e006c0a72d3e,ASHFO_660
England,E12000008,E07000105,Ashford,ASHFO_45ab13b44f57,4b7341f766c9,ASHFO_661
England,E12000008,E07000105,Ashford,ASHFO_1bce2747f48c,aef81b736c04,ASHFO_662
England,E12000008,E07000105,Ashford,ASHFO_e5556c6b6c97,f1c16e967fd4,ASHFO_663
England,E12000008,E07000105,Ashford,ASHFO_6815606a6f30,c5aec1307c00,ASHFO_664
England,E12000008,E07000105,Ashford,ASHFO_4dae0de6556d,f1d39b1805ae,ASHFO_665
England,E12000008,E07000105,Ashford,ASHFO_1693e6c0f04f,3afc6f4e7bc1,ASHFO_666
England,E12000008,E07000105,Ashford,ASHFO_484659162a8a,5d43ab63854e,ASHFO_667
England,E12000008,E07000105,Ashford,ASHFO_2fb9a094e029,895d52f2ff30,ASHFO_668
England,E12000008,E07000105,Ashford,ASHFO_ce8a7863e068,af0bcdea701c,ASHFO_669
England,E12000008,E07000105,Ashford,ASHFO_d46bc2192170,16e0d8ea836c,ASHFO_670
England,E12000008,E07000105,Ashford,ASHFO_051c37e88a58,eaab6fefeaa6,ASHFO_671
England,E12000008,E07000105,Ashford,ASHFO_3e542113f7e6,7cf449bf4c00,ASHFO_672
England,E12000008,E07000105,Ashford,ASHFO_e21f24db9e15,079e0b9f29df,ASHFO_673
England,E12000008,E07000105,Ashford,ASHFO_3226187fddf8,71b0b6ea96d4,ASHFO_674
England,E12000008,E07000105,Ashford,ASHFO_1d7b1e6e9fb0,94b343f4f16b,ASHFO_675
England,E12000008,E07000105,Ashford,ASHFO_c87e7abee8c7,b3bbd99ae9a0,ASHFO_676
England,E12000008,E07000105,Ashford,ASHFO_a2dc65a4a10b,144c277e4a9d,ASHFO_677
England,E12000008,E07000105,Ashford,ASHFO_c982b23d7380,b691e3c00197,ASHFO_678
England,E12000008,E07000105,Ashford,ASHFO_3722d518541b,ba010655c6c6,ASHFO_679
England,E12000008,E07000105,Ashford,ASHFO_b1b735c79f29,44048983b06a,ASHFO_680
England,E12000008,E07000105,Ashford,ASHFO_5f72bf066dbd,05abb3e44bac,ASHFO_681
England,E12000008,E07000105,Ashford,ASHFO_a2e26c7f5674,7a1aebecc980,ASHFO_682
England,E12000008,E07000105,Ashford,ASHFO_a8b508f14c32,bd0fea89afad,ASHFO_683
England,E12000008,E07000105,Ashford,ASHFO_4ad90b2f824f,7bbc0a847308,ASHFO_684
England,E12000008,E07000105,Ashford,ASHFO_a8ad7cc6908e,3a4ce8aad233,ASHFO_685
England,E12000008,E07000105,Ashford,ASHFO_8829a7a461ad,5a2afac21ac3,ASHFO_686
England,E12000008,E07000105,Ashford,ASHFO_29b87f383b26,79ed64a13034,ASHFO_687
England,E12000008,E07000105,Ashford,ASHFO_aa0449209661,576d6857eeae,ASHFO_688
England,E12000008,E07000105,Ashford,ASHFO_78b803a56d3a,28aa6fd23707,ASHFO_689
England,E12000008,E07000105,Ashford,ASHFO_2e078d9200c6,39732f67b410,ASHFO_690
England,E12000008,E07000105,Ashford,ASHFO_954867710954,5259c015c562,ASHFO_691
England,E12000008,E07000105,Ashford,ASHFO_c5efc121eceb,56a867cb7020,ASHFO_692
England,E12000008,E07000105,Ashford,ASHFO_d0d0372dd32d,1cab09e81a49,ASHFO_693
England,E12000008,E07000105,Ashford,ASHFO_0023fee808f0,be6110761094,ASHFO_694
England,E12000008,E07000105,Ashford,ASHFO_ae79a02a32c0,4a8a82c4d2b6,ASHFO_695
England,E12000008,E07000105,Ashford,ASHFO_7244bb047304,6ad8bf7b5d62,ASHFO_696
England,E12000008,E07000105,Ashford,ASHFO_12d63da23cc2,0950005b4b88,ASHFO_697
England,E12000008,E07000105,Ashford,ASHFO_bcc6e8fd2d73,7fad8c05e99d,ASHFO_698
England,E12000008,E07000105,Ashford,ASHFO_2a47f3975ca3,2f47e89f9ba0,ASHFO_699
England,E12000008,E07000105,Ashford,ASHFO_388e9be2e2fa,7b5bf93e3849,ASHFO_700
England,E12000008,E07000105,Ashford,ASHFO_d6ac7ca1d9ea,0d60c2bf655b,ASHFO_701
England,E12000008,E07000105,Ashford,ASHFO_d5f256ef425c,c3333b6558d3,ASHFO_702
England,E12000008,E07000105,Ashford,ASHFO_74eab5ca9c12,2ff9fc8d587a,ASHFO_703
England,E12000008,E07000105,Ashford,ASHFO_ca1b85cd52cb,39347661aab0,ASHFO_704
England,E12000008,E07000105,Ashford,ASHFO_b065605b1ae8,6dd86c0e89f9,ASHFO_705
England,E12000008,E07000105,Ashford,ASHFO_5d662178d21e,64895e4c2779,ASHFO_706
England,E12000008,E07000105,Ashford,ASHFO_1133e2d689d4,c079580f4dd6,ASHFO_707
England,E12000008,E07000105,Ashford,ASHFO_161c6022b4ea,812235bc2727,ASHFO_708
England,E12000008,E07000105,Ashford,ASHFO_cf48f08e2e8c,2487679c1a3b,ASHFO_709
England,E12000008,E07000105,Ashford,ASHFO_19aaca23e40a,540e95c4cacc,ASHFO_710
England,E12000008,E07000105,Ashford,ASHFO_cc2ceed23525,fa3fa739fb65,ASHFO_711
England,E12000008,E07000105,Ashford,ASHFO_25d2e71596fe,309823cfd4eb,ASHFO_712
England,E12000008,E07000105,Ashford,ASHFO_79ea7fdcd35d,ea5fa26d4d7f,ASHFO_713
England,E12000008,E07000105,Ashford,ASHFO_d2f9cb56fa39,a92b517b0d7e,ASHFO_714
England,E12000008,E07000105,Ashford,ASHFO_9eb44d1b31e8,de0b10a35f13,ASHFO_715
England,E12000008,E07000105,Ashford,ASHFO_0492bcc7cecc,f0c5091fb23b,ASHFO_716
England,E12000008,E07000105,Ashford,ASHFO_cde6a773619c,3432c6d2294e,ASHFO_717
England,E12000008,E07000105,Ashford,ASHFO_bf1554c61dc6,887a2e6adcbd,ASHFO_718
England,E12000008,E07000105,Ashford,ASHFO_28cb98d898e4,1a9dd3ca264c,ASHFO_719
England,E12000008,E07000105,Ashford,ASHFO_766d293edcfe,e1afdf5475c9,ASHFO_720
England,E12000008,E07000105,Ashford,ASHFO_bbfdc3bdf41a,7fd5fdc8dcb6,ASHFO_721
England,E12000008,E07000105,Ashford,ASHFO_0a0e94151623,76155219b51c,ASHFO_722
England,E12000008,E07000105,Ashford,ASHFO_cc41b68afb20,b42d7357c0a7,ASHFO_723
England,E12000008,E07000105,Ashford,ASHFO_4b95ead5d1ad,9cf5efe75be1,ASHFO_724
England,E12000008,E07000105,Ashford,ASHFO_38963ae0ba51,d76f7955b3fa,ASHFO_725
England,E12000008,E07000105,Ashford,ASHFO_2bd7ae1dcabf,3b5affb4ac2a,ASHFO_726
England,E12000008,E07000105,Ashford,ASHFO_8570d9e445d3,d740797abb0a,ASHFO_727
England,E12000008,E07000105,Ashford,ASHFO_5ccd9bacca4e,7e026130c397,ASHFO_728
England,E12000008,E07000105,Ashford,ASHFO_bef7a0b5cb8c,651e5aa428df,ASHFO_729
England,E12000008,E07000105,Ashford,ASHFO_d65179a72091,5390e9fe9792,ASHFO_730
England,E12000008,E07000105,Ashford,ASHFO_336264861142,33c991b70f89,ASHFO_731
England,E12000008,E07000105,Ashford,ASHFO_f9888cdae0d6,90868518d41a,ASHFO_732
England,E12000008,E07000105,Ashford,ASHFO_3a653eed7d10,14bfb2e8f0c5,ASHFO_733
England,E12000008,E07000105,Ashford,ASHFO_c3d9a0663fe3,a96b9da1fdbe,ASHFO_734
England,E12000008,E07000105,Ashford,ASHFO_bcfe83b909d8,e2d32fc69e2c,ASHFO_735
England,E12000008,E07000105,Ashford,ASHFO_e3c8e3f07959,a64dc5124636,ASHFO_736
England,E12000008,E07000105,Ashford,ASHFO_490ecf44f6fd,c85b8980975f,ASHFO_737
England,E12000008,E07000105,Ashford,ASHFO_bc7c4b3e129d,b1b0e28e7512,ASHFO_738
England,E12000008,E07000105,Ashford,ASHFO_ba7ae7ecf5a5,016eb055cfca,ASHFO_739
England,E12000008,E07000105,Ashford,ASHFO_b3d002299879,e9ba7f190bdd,ASHFO_740
England,E12000008,E07000105,Ashford,ASHFO_da8e7f7701ea,a1b9f1b45a8e,ASHFO_741
England,E12000008,E07000105,Ashford,ASHFO_2cae85774b2d,b9c3e257d6b7,ASHFO_742
England,E12000008,E07000105,Ashford,ASHFO_0d75955291b3,f29c8cc60f50,ASHFO_743
England,E12000008,E07000105,Ashford,ASHFO_c9c1e9ca4d47,91768436cc61,ASHFO_744
England,E12000008,E07000105,Ashford,ASHFO_9d4cc8a27abf,24ed3e5e3eab,ASHFO_745
England,E12000008,E07000105,Ashford,ASHFO_df60ea7df335,c02d3463eee1,ASHFO_746
England,E12000008,E07000105,Ashford,ASHFO_8b3cf9dfb8f1,3f475285b15d,ASHFO_747
England,E12000008,E07000105,Ashford,ASHFO_a46bf0b1d9b4,d946f558cfa7,ASHFO_748
England,E12000008,E07000105,Ashford,ASHFO_d3e5dae8553b,830544c2cf9d,ASHFO_749
England,E12000008,E07000105,Ashford,ASHFO_f49cbf0a4754,70e9a39b090a,ASHFO_750
England,E12000008,E07000105,Ashford,ASHFO_fcc822f58a94,1f750c5a680b,ASHFO_751
England,E12000008,E07000105,Ashford,ASHFO_93842544a829,8973410df75c,ASHFO_752
England,E12000008,E07000105,Ashford,ASHFO_eca2d264aac2,d0faadf3a7a1,ASHFO_753
England,E12000008,E07000105,Ashford,ASHFO_3e2390cc5062,2bb72d64f49a,ASHFO_754
England,E12000008,E07000105,Ashford,ASHFO_012c295759f5,516438d083c8,ASHFO_755
England,E12000008,E07000105,Ashford,ASHFO_29ed041de18e,54c20e3a84ca,ASHFO_756
England,E12000008,E07000105,Ashford,ASHFO_6f3ca3499594,3ddc55a10109,ASHFO_757
England,E12000008,E07000105,Ashford,ASHFO_46c2bed58d26,05e3bd101b89,ASHFO_758
England,E12000008,E07000105,Ashford,ASHFO_0537e49ed71e,665450594080,ASHFO_759
England,E12000008,E07000105,Ashford,ASHFO_9a94e5bddd2e,e7e8c2622b02,ASHFO_760
England,E12000008,E07000105,Ashford,ASHFO_94a1334cef2d,d383227c9d79,ASHFO_761
England,E12000008,E07000105,Ashford,ASHFO_d418e91741a4,55de99d466be,ASHFO_762
England,E12000008,E07000105,Ashford,ASHFO_e35c6e3343c1,8b717b617815,ASHFO_763
England,E12000008,E07000105,Ashford,ASHFO_334db3f730df,00a7acdd5a63,ASHFO_764
England,E12000008,E07000105,Ashford,ASHFO_66514462a654,fe920457f011,ASHFO_765
England,E12000008,E07000105,Ashford,ASHFO_aa229d79a269,e979124ac95c,ASHFO_766
England,E12000008,E07000105,Ashford,ASHFO_0578100e46af,75c860986657,ASHFO_767
England,E12000008,E07000105,Ashford,ASHFO_dba0831ee1ad,5150467d1b70,ASHFO_768
England,E12000008,E07000105,Ashford,ASHFO_d95886d2dd68,bf9466025e60,ASHFO_769
England,E12000008,E07000105,Ashford,ASHFO_e57ae971088f,5e2fa9ce9ba8,ASHFO_770
England,E12000008,E07000105,Ashford,ASHFO_1cc16dc3eb64,79919b39aaeb,ASHFO_771
England,E12000008,E07000105,Ashford,ASHFO_e002f438df28,9cf77c513295,ASHFO_772
England,E12000008,E07000105,Ashford,ASHFO_77bddd568334,7bbc8620aaef,ASHFO_773
England,E12000008,E07000105,Ashford,ASHFO_f9190a42f46b,9981f13261ab,ASHFO_774
England,E12000008,E07000105,Ashford,ASHFO_7970301e7272,c8a1dff5e98c,ASHFO_775
England,E12000008,E07000105,Ashford,ASHFO_920280eb27c1,4b844fe0b858,ASHFO_776
England,E12000008,E07000105,Ashford,ASHFO_ccdeff749965,21c16849e5f7,ASHFO_777
England,E12000008,E07000105,Ashford,ASHFO_53d8fafe9950,82ac64be7033,ASHFO_778
England,E12000008,E07000105,Ashford,ASHFO_1b191c7e056c,7b16905aa395,ASHFO_779
England,E12000008,E07000105,Ashford,ASHFO_31ef98ce18fc,1aed022b9a53,ASHFO_780
England,E12000008,E07000105,Ashford,ASHFO_b18716ef9349,c7241e901e73,ASHFO_781
England,E12000008,E07000105,Ashford,ASHFO_1d5c08b4c59f,1009a10cb579,ASHFO_782
England,E12000008,E07000105,Ashford,ASHFO_20bb220af74e,ae65320f6e61,ASHFO_783
England,E12000008,E07000105,Ashford,ASHFO_5c637d71fd62,1f3d62ecbaeb,ASHFO_784
England,E12000008,E07000105,Ashford,ASHFO_404130a68296,3003a821ec1a,ASHFO_785
England,E12000008,E07000105,Ashford,ASHFO_67da8bf71172,8156426a60e4,ASHFO_786
England,E12000008,E07000105,Ashford,ASHFO_a3bf02086664,193a62909b02,ASHFO_787
England,E12000008,E07000105,Ashford,ASHFO_6b8417f47163,6084f52ff55f,ASHFO_788
England,E12000008,E07000105,Ashford,ASHFO_f25b58e31eb2,d66016cf565b,ASHFO_789
England,E12000008,E07000105,Ashford,ASHFO_277f4974dc72,d540e2bb40e1,ASHFO_790
England,E12000008,E07000105,Ashford,ASHFO_585656dd43f2,ad11924991a8,ASHFO_791
England,E12000008,E07000105,Ashford,ASHFO_b73f193269c6,963bbf0f6caf,ASHFO_792
England,E12000008,E07000105,Ashford,ASHFO_0836a2929e0f,6ce718c0830d,ASHFO_793
England,E12000008,E07000105,Ashford,ASHFO_c9ff1ddfede7,44b4f561fdf7,ASHFO_794
England,E12000008,E07000105,Ashford,ASHFO_b920478dd49b,b4b82d55e3f7,ASHFO_795
England,E12000008,E07000105,Ashford,ASHFO_521bd56a4e4c,7d103ce3659e,ASHFO_796
England,E12000008,E07000105,Ashford,ASHFO_48b40c1fef99,54f67651d84a,ASHFO_797
England,E12000008,E07000105,Ashford,ASHFO_9feabaec0f33,06553a4f8b78,ASHFO_798
England,E12000008,E07000105,Ashford,ASHFO_fe0bf68af2a2,e02350bfe7fe,ASHFO_799
England,E12000008,E07000105,Ashford,ASHFO_3b6d5aa1a4ef,37a8f53c794b,ASHFO_800
England,E12000008,E07000105,Ashford,ASHFO_11aa474f41c4,be32786ea43a,ASHFO_801
England,E12000008,E07000105,Ashford,ASHFO_b5d320acf96f,21166e42f4c8,ASHFO_802
England,E12000008,E07000105,Ashford,ASHFO_a9cd464c4291,e5b8f20cfe6d,ASHFO_803
England,E12000008,E07000105,Ashford,ASHFO_5bcaeabed233,3c74d0a34a51,ASHFO_804
England,E12000008,E07000105,Ashford,ASHFO_e61b8e2aabf0,9d1b6fde4bec,ASHFO_805
England,E12000008,E07000105,Ashford,ASHFO_93b834bf905e,a7f1cc47e507,ASHFO_806
England,E12000008,E07000105,Ashford,ASHFO_ea98b75b93aa,6ec2fdb0a094,ASHFO_807
England,E12000008,E07000105,Ashford,ASHFO_8425f8b8fe75,5206ff52af38,ASHFO_808
England,E12000008,E07000105,Ashford,ASHFO_a2e49dd9226b,628491f0df31,ASHFO_809
England,E12000008,E07000105,Ashford,ASHFO_c66a2755b0a5,7214bc622810,ASHFO_810
England,E12000008,E07000105,Ashford,ASHFO_53893c000a1a,c900ccb345b2,ASHFO_811
England,E12000008,E07000105,Ashford,ASHFO_14935f551508,5b25d83afab5,ASHFO_812
England,E12000008,E07000105,Ashford,ASHFO_2ccea07e922d,6bae3613debf,ASHFO_813
England,E12000008,E07000105,Ashford,ASHFO_15cc842f3e9c,5d4f00469ac2,ASHFO_814
England,E12000008,E07000105,Ashford,ASHFO_bf54bfb65f96,1bac45e2d0a0,ASHFO_815
England,E12000008,E07000105,Ashford,ASHFO_2953748d4fcb,15c61ca5a04b,ASHFO_816
England,E12000008,E07000105,Ashford,ASHFO_71a279e40501,0a79790eb155,ASHFO_817
England,E12000008,E07000105,Ashford,ASHFO_e45dfff5a10f,04e9d53cd430,ASHFO_818
England,E12000008,E07000105,Ashford,ASHFO_ebcb1da84f82,9e4a8eca9715,ASHFO_819
England,E12000008,E07000105,Ashford,ASHFO_ef65d8a99a80,b1a1596217c8,ASHFO_820
England,E12000008,E07000105,Ashford,ASHFO_415114f37b97,008ff7011f1b,ASHFO_821
England,E12000008,E07000105,Ashford,ASHFO_9e2e281753de,1c4e1fe74325,ASHFO_822
England,E12000008,E07000105,Ashford,ASHFO_f9b1440b6d6a,5f57051a0b53,ASHFO_823
England,E12000008,E07000105,Ashford,ASHFO_f4ea62bdfa2f,07bd8d004372,ASHFO_824
England,E12000008,E07000105,Ashford,ASHFO_6e1fd3e5fee3,b49a6aa8594c,ASHFO_825
England,E12000008,E07000105,Ashford,ASHFO_47177db78e3d,1d33ef51b8d6,ASHFO_826
England,E12000008,E07000105,Ashford,ASHFO_d8a453d7c2aa,c50f59b79eb1,ASHFO_827
